Depth (m),EDC3_gas_a (yr),"Gasage (AICC2012, yr BP)",CO2 (ppmv),sigma (ppmv),station,uni,source file,"Gasage (EDC3, yr BP)",sigma mean CO2 (ppmv),"Gasage (EDC3, yr BP).2",Depth (m).4
3026.58,611269, ,257.8,2.1,moesm31,University of Bern,41586_2008_BFnature06949_MOESM31_ESM.csv,,,,
3030.97,616164, ,252.6,0.6,moesm31,University of Bern,41586_2008_BFnature06949_MOESM31_ESM.csv,,,,
3036.44,623109, ,243.3,2.8,moesm31,University of Bern,41586_2008_BFnature06949_MOESM31_ESM.csv,,,,
3040.87,630183, ,204.4,0.9,moesm31,University of Bern,41586_2008_BFnature06949_MOESM31_ESM.csv,,,,
3043.07,635364, ,195.0,1.5,moesm31,University of Bern,41586_2008_BFnature06949_MOESM31_ESM.csv,,,,
3055.18,658404, ,187.5,1.8,moesm31,University of Bern,41586_2008_BFnature06949_MOESM31_ESM.csv,,,,
3056.25,659983, ,185.6,1.1,moesm31,University of Bern,41586_2008_BFnature06949_MOESM31_ESM.csv,,,,
3057.36,661563, ,192.1,1.0,moesm31,University of Bern,41586_2008_BFnature06949_MOESM31_ESM.csv,,,,
3058.47,663133, ,192.0,2.1,moesm31,University of Bern,41586_2008_BFnature06949_MOESM31_ESM.csv,,,,
3059.55,664597, ,190.6,1.3,moesm31,University of Bern,41586_2008_BFnature06949_MOESM31_ESM.csv,,,,
3060.33,665645, ,178.2,1.1,moesm31,University of Bern,41586_2008_BFnature06949_MOESM31_ESM.csv,,,,
3060.73,666174, ,178.5,1.1,moesm31,University of Bern,41586_2008_BFnature06949_MOESM31_ESM.csv,,,,
3061.36,666995, ,172.7,1.0,moesm31,University of Bern,41586_2008_BFnature06949_MOESM31_ESM.csv,,,,
3061.82,667569, ,171.6,1.4,moesm31,University of Bern,41586_2008_BFnature06949_MOESM31_ESM.csv,,,,
3062.53,668447, ,175.6,0.7,moesm31,University of Bern,41586_2008_BFnature06949_MOESM31_ESM.csv,,,,
3062.93,668934, ,178.5,0.7,moesm31,University of Bern,41586_2008_BFnature06949_MOESM31_ESM.csv,,,,
3063.64,669751, ,185.5,0.2,moesm31,University of Bern,41586_2008_BFnature06949_MOESM31_ESM.csv,,,,
3064.02,670176, ,189.3,0.9,moesm31,University of Bern,41586_2008_BFnature06949_MOESM31_ESM.csv,,,,
3064.76,670916, ,192.6,1.0,moesm31,University of Bern,41586_2008_BFnature06949_MOESM31_ESM.csv,,,,
3065.12,671286, ,194.6,0.7,moesm31,University of Bern,41586_2008_BFnature06949_MOESM31_ESM.csv,,,,
3065.76,671926, ,192.5,0.6,moesm31,University of Bern,41586_2008_BFnature06949_MOESM31_ESM.csv,,,,
3066.22,672386, ,194.8,1.0,moesm31,University of Bern,41586_2008_BFnature06949_MOESM31_ESM.csv,,,,
3066.93,673095, ,198.7,1.0,moesm31,University of Bern,41586_2008_BFnature06949_MOESM31_ESM.csv,,,,
3067.33,673475, ,202.3,0.7,moesm31,University of Bern,41586_2008_BFnature06949_MOESM31_ESM.csv,,,,
3068.07,674173, ,209.2,0.6,moesm31,University of Bern,41586_2008_BFnature06949_MOESM31_ESM.csv,,,,
3068.42,674521, ,213.7,0.8,moesm31,University of Bern,41586_2008_BFnature06949_MOESM31_ESM.csv,,,,
3069.52,675589, ,220.0,0.8,moesm31,University of Bern,41586_2008_BFnature06949_MOESM31_ESM.csv,,,,
3070.16,676170, ,217.4,0.6,moesm31,University of Bern,41586_2008_BFnature06949_MOESM31_ESM.csv,,,,
3070.62,676524, ,214.0,0.9,moesm31,University of Bern,41586_2008_BFnature06949_MOESM31_ESM.csv,,,,
3071.33,677068, ,215.6,1.4,moesm31,University of Bern,41586_2008_BFnature06949_MOESM31_ESM.csv,,,,
3071.72,677380, ,217.4,1.5,moesm31,University of Bern,41586_2008_BFnature06949_MOESM31_ESM.csv,,,,
3072.44,677984, ,226.5,0.8,moesm31,University of Bern,41586_2008_BFnature06949_MOESM31_ESM.csv,,,,
3072.80,678291, ,230.0,0.9,moesm31,University of Bern,41586_2008_BFnature06949_MOESM31_ESM.csv,,,,
3073.53,678914, ,230.8,0.6,moesm31,University of Bern,41586_2008_BFnature06949_MOESM31_ESM.csv,,,,
3073.93,679252, ,230.3,1.2,moesm31,University of Bern,41586_2008_BFnature06949_MOESM31_ESM.csv,,,,
3074.56,679732, ,223.0,1.2,moesm31,University of Bern,41586_2008_BFnature06949_MOESM31_ESM.csv,,,,
3075.02,680081, ,225.0,1.3,moesm31,University of Bern,41586_2008_BFnature06949_MOESM31_ESM.csv,,,,
3075.73,680608, ,218.4,0.9,moesm31,University of Bern,41586_2008_BFnature06949_MOESM31_ESM.csv,,,,
3076.13,680920, ,216.2,1.0,moesm31,University of Bern,41586_2008_BFnature06949_MOESM31_ESM.csv,,,,
3076.85,681531, ,217.3,1.7,moesm31,University of Bern,41586_2008_BFnature06949_MOESM31_ESM.csv,,,,
3077.23,681849, ,219.7,0.6,moesm31,University of Bern,41586_2008_BFnature06949_MOESM31_ESM.csv,,,,
3077.93,682446, ,222.6,1.6,moesm31,University of Bern,41586_2008_BFnature06949_MOESM31_ESM.csv,,,,
3078.32,682762, ,221.3,1.3,moesm31,University of Bern,41586_2008_BFnature06949_MOESM31_ESM.csv,,,,
3078.96,683262, ,218.7,0.8,moesm31,University of Bern,41586_2008_BFnature06949_MOESM31_ESM.csv,,,,
3079.43,683612, ,217.5,0.7,moesm31,University of Bern,41586_2008_BFnature06949_MOESM31_ESM.csv,,,,
3080.14,684142, ,217.5,1.4,moesm31,University of Bern,41586_2008_BFnature06949_MOESM31_ESM.csv,,,,
3080.52,684419, ,219.4,1.0,moesm31,University of Bern,41586_2008_BFnature06949_MOESM31_ESM.csv,,,,
3081.25,684949, ,219.5,1.1,moesm31,University of Bern,41586_2008_BFnature06949_MOESM31_ESM.csv,,,,
3081.63,685217, ,219.7,1.2,moesm31,University of Bern,41586_2008_BFnature06949_MOESM31_ESM.csv,,,,
3082.34,685716, ,223.5,1.0,moesm31,University of Bern,41586_2008_BFnature06949_MOESM31_ESM.csv,,,,
3082.72,685980, ,224.4,1.3,moesm31,University of Bern,41586_2008_BFnature06949_MOESM31_ESM.csv,,,,
3083.37,686425, ,224.3,1.1,moesm31,University of Bern,41586_2008_BFnature06949_MOESM31_ESM.csv,,,,
3083.82,686726, ,227.3,1.7,moesm31,University of Bern,41586_2008_BFnature06949_MOESM31_ESM.csv,,,,
3084.56,687227, ,228.7,1.3,moesm31,University of Bern,41586_2008_BFnature06949_MOESM31_ESM.csv,,,,
3084.92,687470, ,228.8,1.5,moesm31,University of Bern,41586_2008_BFnature06949_MOESM31_ESM.csv,,,,
3085.65,687949, ,232.3,1.0,moesm31,University of Bern,41586_2008_BFnature06949_MOESM31_ESM.csv,,,,
3086.03,688195, ,233.0,0.5,moesm31,University of Bern,41586_2008_BFnature06949_MOESM31_ESM.csv,,,,
3086.73,688652, ,235.8,1.1,moesm31,University of Bern,41586_2008_BFnature06949_MOESM31_ESM.csv,,,,
3087.08,688881, ,234.9,1.2,moesm31,University of Bern,41586_2008_BFnature06949_MOESM31_ESM.csv,,,,
3087.76,689304, ,235.8,2.0,moesm31,University of Bern,41586_2008_BFnature06949_MOESM31_ESM.csv,,,,
3088.23,689603, ,239.9,0.6,moesm31,University of Bern,41586_2008_BFnature06949_MOESM31_ESM.csv,,,,
3088.93,690057, ,235.6,1.3,moesm31,University of Bern,41586_2008_BFnature06949_MOESM31_ESM.csv,,,,
3089.30,690294, ,234.8,2.1,moesm31,University of Bern,41586_2008_BFnature06949_MOESM31_ESM.csv,,,,
3090.05,690771, ,240.0,2.1,moesm31,University of Bern,41586_2008_BFnature06949_MOESM31_ESM.csv,,,,
3090.42,690999, ,234.0,0.8,moesm31,University of Bern,41586_2008_BFnature06949_MOESM31_ESM.csv,,,,
3091.13,691432, ,235.6,1.0,moesm31,University of Bern,41586_2008_BFnature06949_MOESM31_ESM.csv,,,,
3091.52,691672, ,236.6,0.7,moesm31,University of Bern,41586_2008_BFnature06949_MOESM31_ESM.csv,,,,
3092.16,692057, ,235.5,0.9,moesm31,University of Bern,41586_2008_BFnature06949_MOESM31_ESM.csv,,,,
3092.62,692338, ,235.9,1.4,moesm31,University of Bern,41586_2008_BFnature06949_MOESM31_ESM.csv,,,,
3093.33,692765, ,232.9,0.6,moesm31,University of Bern,41586_2008_BFnature06949_MOESM31_ESM.csv,,,,
3093.70,692990, ,234.8,1.5,moesm31,University of Bern,41586_2008_BFnature06949_MOESM31_ESM.csv,,,,
3094.45,693433, ,234.1,1.5,moesm31,University of Bern,41586_2008_BFnature06949_MOESM31_ESM.csv,,,,
3094.80,693639, ,234.1,1.3,moesm31,University of Bern,41586_2008_BFnature06949_MOESM31_ESM.csv,,,,
3095.53,694068, ,235.4,1.0,moesm31,University of Bern,41586_2008_BFnature06949_MOESM31_ESM.csv,,,,
3095.92,694300, ,234.4,1.1,moesm31,University of Bern,41586_2008_BFnature06949_MOESM31_ESM.csv,,,,
3096.56,694672, ,235.8,1.3,moesm31,University of Bern,41586_2008_BFnature06949_MOESM31_ESM.csv,,,,
3097.02,694941, ,236.9,0.8,moesm31,University of Bern,41586_2008_BFnature06949_MOESM31_ESM.csv,,,,
3097.74,695383, ,236.7,1.9,moesm31,University of Bern,41586_2008_BFnature06949_MOESM31_ESM.csv,,,,
3098.13,695618, ,237.6,0.7,moesm31,University of Bern,41586_2008_BFnature06949_MOESM31_ESM.csv,,,,
3098.85,696062, ,234.6,1.0,moesm31,University of Bern,41586_2008_BFnature06949_MOESM31_ESM.csv,,,,
3099.22,696287, ,234.8,0.6,moesm31,University of Bern,41586_2008_BFnature06949_MOESM31_ESM.csv,,,,
3099.93,696717, ,235.4,0.8,moesm31,University of Bern,41586_2008_BFnature06949_MOESM31_ESM.csv,,,,
3100.32,696963, ,232.9,0.6,moesm31,University of Bern,41586_2008_BFnature06949_MOESM31_ESM.csv,,,,
3100.92,697331, ,232.4,0.7,moesm31,University of Bern,41586_2008_BFnature06949_MOESM31_ESM.csv,,,,
3101.43,697660, ,232.2,0.5,moesm31,University of Bern,41586_2008_BFnature06949_MOESM31_ESM.csv,,,,
3102.13,698120, ,231.0,1.0,moesm31,University of Bern,41586_2008_BFnature06949_MOESM31_ESM.csv,,,,
3102.52,698386, ,228.0,0.5,moesm31,University of Bern,41586_2008_BFnature06949_MOESM31_ESM.csv,,,,
3103.25,698880, ,226.4,1.0,moesm31,University of Bern,41586_2008_BFnature06949_MOESM31_ESM.csv,,,,
3103.57,699102, ,227.7,0.7,moesm31,University of Bern,41586_2008_BFnature06949_MOESM31_ESM.csv,,,,
3104.33,699633, ,227.6,1.6,moesm31,University of Bern,41586_2008_BFnature06949_MOESM31_ESM.csv,,,,
3104.71,699909, ,226.0,0.3,moesm31,University of Bern,41586_2008_BFnature06949_MOESM31_ESM.csv,,,,
3105.36,700389, ,228.7,1.3,moesm31,University of Bern,41586_2008_BFnature06949_MOESM31_ESM.csv,,,,
3105.82,700744, ,227.6,1.1,moesm31,University of Bern,41586_2008_BFnature06949_MOESM31_ESM.csv,,,,
3106.46,701242, ,228.2,0.5,moesm31,University of Bern,41586_2008_BFnature06949_MOESM31_ESM.csv,,,,
3106.92,701606, ,228.8,1.4,moesm31,University of Bern,41586_2008_BFnature06949_MOESM31_ESM.csv,,,,
3107.64,702158, ,229.3,0.5,moesm31,University of Bern,41586_2008_BFnature06949_MOESM31_ESM.csv,,,,
3107.93,702381, ,230.3,1.7,moesm31,University of Bern,41586_2008_BFnature06949_MOESM31_ESM.csv,,,,
3108.65,702988, ,232.4,1.3,moesm31,University of Bern,41586_2008_BFnature06949_MOESM31_ESM.csv,,,,
3109.12,703384, ,232.8,1.6,moesm31,University of Bern,41586_2008_BFnature06949_MOESM31_ESM.csv,,,,
3109.75,703934, ,231.2,1.8,moesm31,University of Bern,41586_2008_BFnature06949_MOESM31_ESM.csv,,,,
3110.07,704211, ,231.2,0.9,moesm31,University of Bern,41586_2008_BFnature06949_MOESM31_ESM.csv,,,,
3110.88,704973, ,233.9,0.8,moesm31,University of Bern,41586_2008_BFnature06949_MOESM31_ESM.csv,,,,
3111.32,705410, ,228.5,1.5,moesm31,University of Bern,41586_2008_BFnature06949_MOESM31_ESM.csv,,,,
3112.05,706141, ,228.6,1.0,moesm31,University of Bern,41586_2008_BFnature06949_MOESM31_ESM.csv,,,,
3112.31,706409, ,228.1,1.0,moesm31,University of Bern,41586_2008_BFnature06949_MOESM31_ESM.csv,,,,
3115.25,709680, ,219.7,0.6,moesm31,University of Bern,41586_2008_BFnature06949_MOESM31_ESM.csv,,,,
3115.72,710237, ,220.2,0.3,moesm31,University of Bern,41586_2008_BFnature06949_MOESM31_ESM.csv,,,,
3116.42,711104, ,218.9,1.5,moesm31,University of Bern,41586_2008_BFnature06949_MOESM31_ESM.csv,,,,
3116.68,711421, ,218.7,1.4,moesm31,University of Bern,41586_2008_BFnature06949_MOESM31_ESM.csv,,,,
3117.81,712833, ,218.5,0.5,moesm31,University of Bern,41586_2008_BFnature06949_MOESM31_ESM.csv,,,,
3118.60,713843, ,222.3,1.6,moesm31,University of Bern,41586_2008_BFnature06949_MOESM31_ESM.csv,,,,
3118.95,714288, ,221.7,2.0,moesm31,University of Bern,41586_2008_BFnature06949_MOESM31_ESM.csv,,,,
3119.67,715180, ,217.7,0.6,moesm31,University of Bern,41586_2008_BFnature06949_MOESM31_ESM.csv,,,,
3120.12,715750, ,222.1,0.6,moesm31,University of Bern,41586_2008_BFnature06949_MOESM31_ESM.csv,,,,
3120.85,716704, ,208.1,0.7,moesm31,University of Bern,41586_2008_BFnature06949_MOESM31_ESM.csv,,,,
3121.13,717065, ,205.0,1.7,moesm31,University of Bern,41586_2008_BFnature06949_MOESM31_ESM.csv,,,,
3121.86,718064, ,192.9,1.2,moesm31,University of Bern,41586_2008_BFnature06949_MOESM31_ESM.csv,,,,
3122.32,718779, ,184.3,1.1,moesm31,University of Bern,41586_2008_BFnature06949_MOESM31_ESM.csv,,,,
3122.95,719794, ,187.8,1.6,moesm31,University of Bern,41586_2008_BFnature06949_MOESM31_ESM.csv,,,,
3123.35,720337, ,195.2,0.8,moesm31,University of Bern,41586_2008_BFnature06949_MOESM31_ESM.csv,,,,
3124.06,721318, ,206.3,0.8,moesm31,University of Bern,41586_2008_BFnature06949_MOESM31_ESM.csv,,,,
3124.52,722039, ,211.3,0.9,moesm31,University of Bern,41586_2008_BFnature06949_MOESM31_ESM.csv,,,,
3125.27,723133, ,213.4,1.2,moesm31,University of Bern,41586_2008_BFnature06949_MOESM31_ESM.csv,,,,
3125.53,723464, ,213.2,1.3,moesm31,University of Bern,41586_2008_BFnature06949_MOESM31_ESM.csv,,,,
3126.27,724445, ,210.3,2.0,moesm31,University of Bern,41586_2008_BFnature06949_MOESM31_ESM.csv,,,,
3126.72,725059, ,206.3,0.7,moesm31,University of Bern,41586_2008_BFnature06949_MOESM31_ESM.csv,,,,
3127.41,725937, ,206.6,1.8,moesm31,University of Bern,41586_2008_BFnature06949_MOESM31_ESM.csv,,,,
3127.73,726322, ,208.1,1.2,moesm31,University of Bern,41586_2008_BFnature06949_MOESM31_ESM.csv,,,,
3128.45,727192, ,204.5,0.4,moesm31,University of Bern,41586_2008_BFnature06949_MOESM31_ESM.csv,,,,
3128.91,727732, ,205.5,1.3,moesm31,University of Bern,41586_2008_BFnature06949_MOESM31_ESM.csv,,,,
3129.62,728568, ,205.1,1.1,moesm31,University of Bern,41586_2008_BFnature06949_MOESM31_ESM.csv,,,,
3129.93,728921, ,205.4,0.8,moesm31,University of Bern,41586_2008_BFnature06949_MOESM31_ESM.csv,,,,
3131.12,730299, ,204.0,1.6,moesm31,University of Bern,41586_2008_BFnature06949_MOESM31_ESM.csv,,,,
3131.75,730949, ,204.1,0.8,moesm31,University of Bern,41586_2008_BFnature06949_MOESM31_ESM.csv,,,,
3132.13,731329, ,204.9,0.8,moesm31,University of Bern,41586_2008_BFnature06949_MOESM31_ESM.csv,,,,
3132.92,732141, ,203.8,1.0,moesm31,University of Bern,41586_2008_BFnature06949_MOESM31_ESM.csv,,,,
3133.32,732548, ,205.9,1.7,moesm31,University of Bern,41586_2008_BFnature06949_MOESM31_ESM.csv,,,,
3134.02,733261, ,203.9,0.7,moesm31,University of Bern,41586_2008_BFnature06949_MOESM31_ESM.csv,,,,
3134.33,733543, ,204.4,0.3,moesm31,University of Bern,41586_2008_BFnature06949_MOESM31_ESM.csv,,,,
3135.06,734223, ,205.3,0.4,moesm31,University of Bern,41586_2008_BFnature06949_MOESM31_ESM.csv,,,,
3135.52,734604, ,207.4,1.9,moesm31,University of Bern,41586_2008_BFnature06949_MOESM31_ESM.csv,,,,
3136.19,735167, ,201.7,1.2,moesm31,University of Bern,41586_2008_BFnature06949_MOESM31_ESM.csv,,,,
3136.53,735459, ,201.3,0.8,moesm31,University of Bern,41586_2008_BFnature06949_MOESM31_ESM.csv,,,,
3137.25,736079, ,204.1,1.0,moesm31,University of Bern,41586_2008_BFnature06949_MOESM31_ESM.csv,,,,
3137.72,736460, ,209.7,1.8,moesm31,University of Bern,41586_2008_BFnature06949_MOESM31_ESM.csv,,,,
3138.44,737034, ,208.1,0.7,moesm31,University of Bern,41586_2008_BFnature06949_MOESM31_ESM.csv,,,,
3138.73,737266, ,211.3,0.8,moesm31,University of Bern,41586_2008_BFnature06949_MOESM31_ESM.csv,,,,
3139.46,737889, ,210.6,1.4,moesm31,University of Bern,41586_2008_BFnature06949_MOESM31_ESM.csv,,,,
3139.89,738272, ,206.5,1.7,moesm31,University of Bern,41586_2008_BFnature06949_MOESM31_ESM.csv,,,,
3140.54,738844, ,200.3,1.6,moesm31,University of Bern,41586_2008_BFnature06949_MOESM31_ESM.csv,,,,
3140.88,739137, ,197.8,1.5,moesm31,University of Bern,41586_2008_BFnature06949_MOESM31_ESM.csv,,,,
3141.66,739842, ,185.0,0.9,moesm31,University of Bern,41586_2008_BFnature06949_MOESM31_ESM.csv,,,,
3142.12,740277, ,178.9,0.3,moesm31,University of Bern,41586_2008_BFnature06949_MOESM31_ESM.csv,,,,
3142.85,741021, ,178.6,2.4,moesm31,University of Bern,41586_2008_BFnature06949_MOESM31_ESM.csv,,,,
3143.13,741307, ,176.6,2.4,moesm31,University of Bern,41586_2008_BFnature06949_MOESM31_ESM.csv,,,,
3143.86,742075, ,177.9,2.1,moesm31,University of Bern,41586_2008_BFnature06949_MOESM31_ESM.csv,,,,
3144.32,742558, ,182.3,1.3,moesm31,University of Bern,41586_2008_BFnature06949_MOESM31_ESM.csv,,,,
3144.98,743233, ,181.7,2.7,moesm31,University of Bern,41586_2008_BFnature06949_MOESM31_ESM.csv,,,,
3145.32,743589, ,180.4,0.7,moesm31,University of Bern,41586_2008_BFnature06949_MOESM31_ESM.csv,,,,
3146.06,744354, ,181.2,0.9,moesm31,University of Bern,41586_2008_BFnature06949_MOESM31_ESM.csv,,,,
3146.52,744843, ,182.0,0.9,moesm31,University of Bern,41586_2008_BFnature06949_MOESM31_ESM.csv,,,,
3147.48,745836, ,180.2,1.2,moesm31,University of Bern,41586_2008_BFnature06949_MOESM31_ESM.csv,,,,
3148.26,746643, ,183.1,0.4,moesm31,University of Bern,41586_2008_BFnature06949_MOESM31_ESM.csv,,,,
3148.72,747110, ,180.8,0.3,moesm31,University of Bern,41586_2008_BFnature06949_MOESM31_ESM.csv,,,,
3149.35,747759, ,180.8,1.3,moesm31,University of Bern,41586_2008_BFnature06949_MOESM31_ESM.csv,,,,
3149.68,748101, ,180.4,0.8,moesm31,University of Bern,41586_2008_BFnature06949_MOESM31_ESM.csv,,,,
3150.45,748913, ,181.4,1.3,moesm31,University of Bern,41586_2008_BFnature06949_MOESM31_ESM.csv,,,,
3150.91,749401, ,182.9,1.8,moesm31,University of Bern,41586_2008_BFnature06949_MOESM31_ESM.csv,,,,
3151.65,750194, ,184.8,1.6,moesm31,University of Bern,41586_2008_BFnature06949_MOESM31_ESM.csv,,,,
3151.91,750476, ,184.0,1.4,moesm31,University of Bern,41586_2008_BFnature06949_MOESM31_ESM.csv,,,,
3152.65,751301, ,186.2,1.9,moesm31,University of Bern,41586_2008_BFnature06949_MOESM31_ESM.csv,,,,
3153.12,751830, ,190.1,1.3,moesm31,University of Bern,41586_2008_BFnature06949_MOESM31_ESM.csv,,,,
3153.78,752605, ,188.0,0.3,moesm31,University of Bern,41586_2008_BFnature06949_MOESM31_ESM.csv,,,,
3154.10,752978, ,196.5,1.8,moesm31,University of Bern,41586_2008_BFnature06949_MOESM31_ESM.csv,,,,
3154.96,753984, ,191.5,1.7,moesm31,University of Bern,41586_2008_BFnature06949_MOESM31_ESM.csv,,,,
3155.32,754394, ,195.8,1.5,moesm31,University of Bern,41586_2008_BFnature06949_MOESM31_ESM.csv,,,,
3156.08,755241, ,200.5,2.0,moesm31,University of Bern,41586_2008_BFnature06949_MOESM31_ESM.csv,,,,
3156.30,755495, ,201.9,1.4,moesm31,University of Bern,41586_2008_BFnature06949_MOESM31_ESM.csv,,,,
3157.05,756357, ,206.0,2.2,moesm31,University of Bern,41586_2008_BFnature06949_MOESM31_ESM.csv,,,,
3157.52,756871, ,210.7,2.3,moesm31,University of Bern,41586_2008_BFnature06949_MOESM31_ESM.csv,,,,
3158.15,757561, ,215.0,1.5,moesm31,University of Bern,41586_2008_BFnature06949_MOESM31_ESM.csv,,,,
3158.53,757962, ,219.2,1.4,moesm31,University of Bern,41586_2008_BFnature06949_MOESM31_ESM.csv,,,,
3158.80,758259, ,215.3,0.7,moesm31,University of Bern,41586_2008_BFnature06949_MOESM31_ESM.csv,,,,
3159.00,758475, ,217.6,1.8,moesm31,University of Bern,41586_2008_BFnature06949_MOESM31_ESM.csv,,,,
3159.35,758883, ,217.9,2.3,moesm31,University of Bern,41586_2008_BFnature06949_MOESM31_ESM.csv,,,,
3159.72,759306, ,214.9,1.2,moesm31,University of Bern,41586_2008_BFnature06949_MOESM31_ESM.csv,,,,
3160.47,760202, ,208.8,0.8,moesm31,University of Bern,41586_2008_BFnature06949_MOESM31_ESM.csv,,,,
3160.71,760500, ,206.9,1.1,moesm31,University of Bern,41586_2008_BFnature06949_MOESM31_ESM.csv,,,,
3161.46,761453, ,206.1,1.9,moesm31,University of Bern,41586_2008_BFnature06949_MOESM31_ESM.csv,,,,
3161.92,762064, ,212.0,0.2,moesm31,University of Bern,41586_2008_BFnature06949_MOESM31_ESM.csv,,,,
3162.55,762871, ,216.0,2.1,moesm31,University of Bern,41586_2008_BFnature06949_MOESM31_ESM.csv,,,,
3162.91,763319, ,215.0,0.9,moesm31,University of Bern,41586_2008_BFnature06949_MOESM31_ESM.csv,,,,
3163.20,763686, ,225.7,3.0,moesm31,University of Bern,41586_2008_BFnature06949_MOESM31_ESM.csv,,,,
3163.40,763934, ,221.4,2.7,moesm31,University of Bern,41586_2008_BFnature06949_MOESM31_ESM.csv,,,,
3163.65,764249, ,224.1,1.4,moesm31,University of Bern,41586_2008_BFnature06949_MOESM31_ESM.csv,,,,
3164.12,764833, ,222.6,0.9,moesm31,University of Bern,41586_2008_BFnature06949_MOESM31_ESM.csv,,,,
3164.84,765735, ,216.8,1.6,moesm31,University of Bern,41586_2008_BFnature06949_MOESM31_ESM.csv,,,,
3165.13,766110, ,215.7,0.5,moesm31,University of Bern,41586_2008_BFnature06949_MOESM31_ESM.csv,,,,
3165.86,767096, ,213.5,0.4,moesm31,University of Bern,41586_2008_BFnature06949_MOESM31_ESM.csv,,,,
3166.32,767737, ,217.7,0.9,moesm31,University of Bern,41586_2008_BFnature06949_MOESM31_ESM.csv,,,,
3166.97,768655, ,222.4,2.1,moesm31,University of Bern,41586_2008_BFnature06949_MOESM31_ESM.csv,,,,
3167.26,769050, ,221.4,1.8,moesm31,University of Bern,41586_2008_BFnature06949_MOESM31_ESM.csv,,,,
3167.60,769514, ,228.1,1.6,moesm31,University of Bern,41586_2008_BFnature06949_MOESM31_ESM.csv,,,,
3167.80,769787, ,226.0,1.6,moesm31,University of Bern,41586_2008_BFnature06949_MOESM31_ESM.csv,,,,
3168.05,770133, ,231.5,1.9,moesm31,University of Bern,41586_2008_BFnature06949_MOESM31_ESM.csv,,,,
3168.29,770447, ,235.6,1.1,moesm31,University of Bern,41586_2008_BFnature06949_MOESM31_ESM.csv,,,,
3168.50,770724, ,238.2,2.2,moesm31,University of Bern,41586_2008_BFnature06949_MOESM31_ESM.csv,,,,
3168.70,770994, ,235.6,2.1,moesm31,University of Bern,41586_2008_BFnature06949_MOESM31_ESM.csv,,,,
3168.90,771260, ,237.7,2.4,moesm31,University of Bern,41586_2008_BFnature06949_MOESM31_ESM.csv,,,,
3169.24,771708, ,229.5,1.5,moesm31,University of Bern,41586_2008_BFnature06949_MOESM31_ESM.csv,,,,
3169.53,772076, ,230.9,1.0,moesm31,University of Bern,41586_2008_BFnature06949_MOESM31_ESM.csv,,,,
3170.25,773043, ,230.0,2.3,moesm31,University of Bern,41586_2008_BFnature06949_MOESM31_ESM.csv,,,,
3170.72,773680, ,233.3,0.9,moesm31,University of Bern,41586_2008_BFnature06949_MOESM31_ESM.csv,,,,
3171.35,774548, ,236.9,0.4,moesm31,University of Bern,41586_2008_BFnature06949_MOESM31_ESM.csv,,,,
3171.73,775051, ,240.5,0.6,moesm31,University of Bern,41586_2008_BFnature06949_MOESM31_ESM.csv,,,,
3172.46,776037, ,238.8,2.0,moesm31,University of Bern,41586_2008_BFnature06949_MOESM31_ESM.csv,,,,
3172.92,776636, ,243.9,0.7,moesm31,University of Bern,41586_2008_BFnature06949_MOESM31_ESM.csv,,,,
3173.65,777556, ,246.3,0.5,moesm31,University of Bern,41586_2008_BFnature06949_MOESM31_ESM.csv,,,,
3173.93,777900, ,246.1,1.1,moesm31,University of Bern,41586_2008_BFnature06949_MOESM31_ESM.csv,,,,
3174.65,778798, ,245.8,2.4,moesm31,University of Bern,41586_2008_BFnature06949_MOESM31_ESM.csv,,,,
3175.11,779364, ,243.9,0.9,moesm31,University of Bern,41586_2008_BFnature06949_MOESM31_ESM.csv,,,,
3175.84,780268, ,248.5,0.6,moesm31,University of Bern,41586_2008_BFnature06949_MOESM31_ESM.csv,,,,
3176.13,780612, ,242.8,0.7,moesm31,University of Bern,41586_2008_BFnature06949_MOESM31_ESM.csv,,,,
3176.89,781535, ,248.7,0.7,moesm31,University of Bern,41586_2008_BFnature06949_MOESM31_ESM.csv,,,,
3177.32,782059, ,246.2,1.1,moesm31,University of Bern,41586_2008_BFnature06949_MOESM31_ESM.csv,,,,
3178.31,783263, ,252.1,2.5,moesm31,University of Bern,41586_2008_BFnature06949_MOESM31_ESM.csv,,,,
3179.05,784147, ,246.9,0.7,moesm31,University of Bern,41586_2008_BFnature06949_MOESM31_ESM.csv,,,,
3179.52,784692, ,250.7,0.2,moesm31,University of Bern,41586_2008_BFnature06949_MOESM31_ESM.csv,,,,
3180.15,785413, ,253.3,2.6,moesm31,University of Bern,41586_2008_BFnature06949_MOESM31_ESM.csv,,,,
3180.51,785789, ,255.4,1.4,moesm31,University of Bern,41586_2008_BFnature06949_MOESM31_ESM.csv,,,,
3181.26,786587, ,260.3,1.3,moesm31,University of Bern,41586_2008_BFnature06949_MOESM31_ESM.csv,,,,
3181.73,787076, ,256.9,0.7,moesm31,University of Bern,41586_2008_BFnature06949_MOESM31_ESM.csv,,,,
3182.43,787805, ,248.1,1.5,moesm31,University of Bern,41586_2008_BFnature06949_MOESM31_ESM.csv,,,,
3182.65,788033, ,247.9,2.7,moesm31,University of Bern,41586_2008_BFnature06949_MOESM31_ESM.csv,,,,
3183.46,788887, ,229.5,0.8,moesm31,University of Bern,41586_2008_BFnature06949_MOESM31_ESM.csv,,,,
3183.91,789381, ,226.3,3.0,moesm31,University of Bern,41586_2008_BFnature06949_MOESM31_ESM.csv,,,,
3184.57,790153, ,218.2,0.8,moesm31,University of Bern,41586_2008_BFnature06949_MOESM31_ESM.csv,,,,
3184.90,790538, ,221.3,1.8,moesm31,University of Bern,41586_2008_BFnature06949_MOESM31_ESM.csv,,,,
3185.66,791491, ,215.4,3.7,moesm31,University of Bern,41586_2008_BFnature06949_MOESM31_ESM.csv,,,,
3186.12,792081, ,205.1,2.5,moesm31,University of Bern,41586_2008_BFnature06949_MOESM31_ESM.csv,,,,
3186.75,792943, ,204.0,1.6,moesm31,University of Bern,41586_2008_BFnature06949_MOESM31_ESM.csv,,,,
3186.98,793260, ,209.0,1.9,moesm31,University of Bern,41586_2008_BFnature06949_MOESM31_ESM.csv,,,,
3187.87,794608, ,199.4,1.7,moesm31,University of Bern,41586_2008_BFnature06949_MOESM31_ESM.csv,,,,
3188.23,795202, ,195.2,2.0,moesm31,University of Bern,41586_2008_BFnature06949_MOESM31_ESM.csv,,,,
3188.98,796467, ,189.3,2.1,moesm31,University of Bern,41586_2008_BFnature06949_MOESM31_ESM.csv,,,,
3189.33,797099, ,188.4,1.4,moesm31,University of Bern,41586_2008_BFnature06949_MOESM31_ESM.csv,,,,
3190.08,798512, ,191.0,2.2,moesm31,University of Bern,41586_2008_BFnature06949_MOESM31_ESM.csv,,,,
3061.71,667435, ,178.5,,moesm31,LGGE in Grenoble,41586_2008_BFnature06949_MOESM31_ESM.csv,,,,
3063.98,670124, ,189.0,,moesm31,LGGE in Grenoble,41586_2008_BFnature06949_MOESM31_ESM.csv,,,,
3085.78,688035, ,234.0,,moesm31,LGGE in Grenoble,41586_2008_BFnature06949_MOESM31_ESM.csv,,,,
3086.88,688751, ,235.4,,moesm31,LGGE in Grenoble,41586_2008_BFnature06949_MOESM31_ESM.csv,,,,
3087.98,689444, ,241.0,,moesm31,LGGE in Grenoble,41586_2008_BFnature06949_MOESM31_ESM.csv,,,,
3089.08,690155, ,235.0,,moesm31,LGGE in Grenoble,41586_2008_BFnature06949_MOESM31_ESM.csv,,,,
3091.28,691524, ,235.9,,moesm31,LGGE in Grenoble,41586_2008_BFnature06949_MOESM31_ESM.csv,,,,
3093.48,692857, ,236.3,,moesm31,LGGE in Grenoble,41586_2008_BFnature06949_MOESM31_ESM.csv,,,,
3120.01,715603, ,223.8,,moesm31,LGGE in Grenoble,41586_2008_BFnature06949_MOESM31_ESM.csv,,,,
3122.20,718581, ,190.2,,moesm31,LGGE in Grenoble,41586_2008_BFnature06949_MOESM31_ESM.csv,,,,
3124.41,721870, ,217.0,,moesm31,LGGE in Grenoble,41586_2008_BFnature06949_MOESM31_ESM.csv,,,,
3128.68,727458, ,203.7,,moesm31,LGGE in Grenoble,41586_2008_BFnature06949_MOESM31_ESM.csv,,,,
3133.08,732300, ,210.7,,moesm31,LGGE in Grenoble,41586_2008_BFnature06949_MOESM31_ESM.csv,,,,
3135.28,734408, ,209.6,,moesm31,LGGE in Grenoble,41586_2008_BFnature06949_MOESM31_ESM.csv,,,,
3141.82,739986, ,198.0,,moesm31,LGGE in Grenoble,41586_2008_BFnature06949_MOESM31_ESM.csv,,,,
3146.37,744681, ,185.2,,moesm31,LGGE in Grenoble,41586_2008_BFnature06949_MOESM31_ESM.csv,,,,
3150.68,749152, ,188.8,,moesm31,LGGE in Grenoble,41586_2008_BFnature06949_MOESM31_ESM.csv,,,,
3152.88,751552, ,193.8,,moesm31,LGGE in Grenoble,41586_2008_BFnature06949_MOESM31_ESM.csv,,,,
3155.08,754124, ,197.3,,moesm31,LGGE in Grenoble,41586_2008_BFnature06949_MOESM31_ESM.csv,,,,
3156.18,755354, ,203.4,,moesm31,LGGE in Grenoble,41586_2008_BFnature06949_MOESM31_ESM.csv,,,,
3157.28,756605, ,214.4,,moesm31,LGGE in Grenoble,41586_2008_BFnature06949_MOESM31_ESM.csv,,,,
3158.38,757805, ,225.5,,moesm31,LGGE in Grenoble,41586_2008_BFnature06949_MOESM31_ESM.csv,,,,
3159.48,759027, ,216.6,,moesm31,LGGE in Grenoble,41586_2008_BFnature06949_MOESM31_ESM.csv,,,,
3160.58,760338, ,214.9,,moesm31,LGGE in Grenoble,41586_2008_BFnature06949_MOESM31_ESM.csv,,,,
3161.68,761745, ,213.0,,moesm31,LGGE in Grenoble,41586_2008_BFnature06949_MOESM31_ESM.csv,,,,
3162.78,763158, ,221.3,,moesm31,LGGE in Grenoble,41586_2008_BFnature06949_MOESM31_ESM.csv,,,,
3163.88,764529, ,226.5,,moesm31,LGGE in Grenoble,41586_2008_BFnature06949_MOESM31_ESM.csv,,,,
3164.98,765917, ,216.1,,moesm31,LGGE in Grenoble,41586_2008_BFnature06949_MOESM31_ESM.csv,,,,
3167.18,768940, ,227.5,,moesm31,LGGE in Grenoble,41586_2008_BFnature06949_MOESM31_ESM.csv,,,,
3168.28,770434, ,233.9,,moesm31,LGGE in Grenoble,41586_2008_BFnature06949_MOESM31_ESM.csv,,,,
3169.38,771888, ,226.9,,moesm31,LGGE in Grenoble,41586_2008_BFnature06949_MOESM31_ESM.csv,,,,
3170.48,773353, ,238.6,,moesm31,LGGE in Grenoble,41586_2008_BFnature06949_MOESM31_ESM.csv,,,,
3171.58,774854, ,240.1,,moesm31,LGGE in Grenoble,41586_2008_BFnature06949_MOESM31_ESM.csv,,,,
3172.68,776322, ,245.9,,moesm31,LGGE in Grenoble,41586_2008_BFnature06949_MOESM31_ESM.csv,,,,
3173.78,777719, ,246.7,,moesm31,LGGE in Grenoble,41586_2008_BFnature06949_MOESM31_ESM.csv,,,,
3174.88,779076, ,243.8,,moesm31,LGGE in Grenoble,41586_2008_BFnature06949_MOESM31_ESM.csv,,,,
3177.08,781771, ,251.2,,moesm31,LGGE in Grenoble,41586_2008_BFnature06949_MOESM31_ESM.csv,,,,
3178.18,783110, ,252.5,,moesm31,LGGE in Grenoble,41586_2008_BFnature06949_MOESM31_ESM.csv,,,,
3179.28,784409, ,248.4,,moesm31,LGGE in Grenoble,41586_2008_BFnature06949_MOESM31_ESM.csv,,,,
3180.38,785654, ,255.3,,moesm31,LGGE in Grenoble,41586_2008_BFnature06949_MOESM31_ESM.csv,,,,
3181.48,786819, ,256.6,,moesm31,LGGE in Grenoble,41586_2008_BFnature06949_MOESM31_ESM.csv,,,,
3182.58,787957, ,246.4,,moesm31,LGGE in Grenoble,41586_2008_BFnature06949_MOESM31_ESM.csv,,,,
3183.68,789126, ,239.3,,moesm31,LGGE in Grenoble,41586_2008_BFnature06949_MOESM31_ESM.csv,,,,
3185.88,791767, ,217.3,,moesm31,LGGE in Grenoble,41586_2008_BFnature06949_MOESM31_ESM.csv,,,,
3186.98,793255, ,224.2,,moesm31,LGGE in Grenoble,41586_2008_BFnature06949_MOESM31_ESM.csv,,,,
3188.08,794949, ,206.7,,moesm31,LGGE in Grenoble,41586_2008_BFnature06949_MOESM31_ESM.csv,,,,
3190.28,798893, ,193.6,,moesm31,LGGE in Grenoble,41586_2008_BFnature06949_MOESM31_ESM.csv,,,,
380.82,, ,190.50,,Taylor Dome (19-63 kyr BP),University of Bern,grl52461-sup-0003-supplementary.csv,18906.00,1.00,,
382.42,, ,189.10,,Taylor Dome (19-63 kyr BP),University of Bern,grl52461-sup-0003-supplementary.csv,23379.00,0.50,,
382.76,, ,189.00,,Taylor Dome (19-63 kyr BP),University of Bern,grl52461-sup-0003-supplementary.csv,24011.00,1.40,,
383.54,, ,187.70,,Taylor Dome (19-63 kyr BP),University of Bern,grl52461-sup-0003-supplementary.csv,25337.00,1.00,,
385.33,, ,195.20,,Taylor Dome (19-63 kyr BP),University of Bern,grl52461-sup-0003-supplementary.csv,27507.00,0.50,,
385.64,, ,194.10,,Taylor Dome (19-63 kyr BP),University of Bern,grl52461-sup-0003-supplementary.csv,27781.00,0.40,,
386.62,, ,196.10,,Taylor Dome (19-63 kyr BP),University of Bern,grl52461-sup-0003-supplementary.csv,28527.00,0.70,,
387.66,, ,194.00,,Taylor Dome (19-63 kyr BP),University of Bern,grl52461-sup-0003-supplementary.csv,29238.00,0.60,,
388.52,, ,191.10,,Taylor Dome (19-63 kyr BP),University of Bern,grl52461-sup-0003-supplementary.csv,29772.00,0.50,,
389.70,, ,193.50,,Taylor Dome (19-63 kyr BP),University of Bern,grl52461-sup-0003-supplementary.csv,30407.00,0.80,,
390.71,, ,196.80,,Taylor Dome (19-63 kyr BP),University of Bern,grl52461-sup-0003-supplementary.csv,30881.00,0.50,,
391.63,, ,199.60,,Taylor Dome (19-63 kyr BP),University of Bern,grl52461-sup-0003-supplementary.csv,31308.00,0.60,,
392.62,, ,199.10,,Taylor Dome (19-63 kyr BP),University of Bern,grl52461-sup-0003-supplementary.csv,31700.00,0.20,,
393.55,, ,200.40,,Taylor Dome (19-63 kyr BP),University of Bern,grl52461-sup-0003-supplementary.csv,32090.00,0.60,,
395.32,, ,200.20,,Taylor Dome (19-63 kyr BP),University of Bern,grl52461-sup-0003-supplementary.csv,32771.00,0.30,,
396.42,, ,200.10,,Taylor Dome (19-63 kyr BP),University of Bern,grl52461-sup-0003-supplementary.csv,33161.00,0.70,,
396.98,, ,201.60,,Taylor Dome (19-63 kyr BP),University of Bern,grl52461-sup-0003-supplementary.csv,33341.00,0.50,,
397.64,, ,200.90,,Taylor Dome (19-63 kyr BP),University of Bern,grl52461-sup-0003-supplementary.csv,33580.00,0.60,,
398.61,, ,203.60,,Taylor Dome (19-63 kyr BP),University of Bern,grl52461-sup-0003-supplementary.csv,33913.00,0.40,,
400.02,, ,205.30,,Taylor Dome (19-63 kyr BP),University of Bern,grl52461-sup-0003-supplementary.csv,34364.00,0.60,,
405.53,, ,208.80,,Taylor Dome (19-63 kyr BP),University of Bern,grl52461-sup-0003-supplementary.csv,36061.00,0.30,,
406.60,, ,213.00,,Taylor Dome (19-63 kyr BP),University of Bern,grl52461-sup-0003-supplementary.csv,36378.00,0.80,,
407.73,, ,211.30,,Taylor Dome (19-63 kyr BP),University of Bern,grl52461-sup-0003-supplementary.csv,36695.00,0.70,,
408.54,, ,212.60,,Taylor Dome (19-63 kyr BP),University of Bern,grl52461-sup-0003-supplementary.csv,36883.00,1.10,,
411.31,, ,213.60,,Taylor Dome (19-63 kyr BP),University of Bern,grl52461-sup-0003-supplementary.csv,37545.00,0.60,,
412.24,, ,210.80,,Taylor Dome (19-63 kyr BP),University of Bern,grl52461-sup-0003-supplementary.csv,37740.00,0.40,,
413.11,, ,209.90,,Taylor Dome (19-63 kyr BP),University of Bern,grl52461-sup-0003-supplementary.csv,37949.00,0.70,,
413.97,, ,210.60,,Taylor Dome (19-63 kyr BP),University of Bern,grl52461-sup-0003-supplementary.csv,38149.00,0.50,,
416.37,, ,210.30,,Taylor Dome (19-63 kyr BP),University of Bern,grl52461-sup-0003-supplementary.csv,38679.00,0.70,,
416.99,, ,207.80,,Taylor Dome (19-63 kyr BP),University of Bern,grl52461-sup-0003-supplementary.csv,38826.00,0.60,,
418.27,, ,205.70,,Taylor Dome (19-63 kyr BP),University of Bern,grl52461-sup-0003-supplementary.csv,39100.00,0.80,,
419.39,, ,198.60,,Taylor Dome (19-63 kyr BP),University of Bern,grl52461-sup-0003-supplementary.csv,39345.00,0.50,,
420.31,, ,196.40,,Taylor Dome (19-63 kyr BP),University of Bern,grl52461-sup-0003-supplementary.csv,39527.00,0.80,,
422.53,, ,197.50,,Taylor Dome (19-63 kyr BP),University of Bern,grl52461-sup-0003-supplementary.csv,39960.00,0.80,,
424.75,, ,198.20,,Taylor Dome (19-63 kyr BP),University of Bern,grl52461-sup-0003-supplementary.csv,40427.00,0.30,,
426.46,, ,201.40,,Taylor Dome (19-63 kyr BP),University of Bern,grl52461-sup-0003-supplementary.csv,40837.00,0.80,,
427.06,, ,198.90,,Taylor Dome (19-63 kyr BP),University of Bern,grl52461-sup-0003-supplementary.csv,40990.00,0.70,,
429.30,, ,201.40,,Taylor Dome (19-63 kyr BP),University of Bern,grl52461-sup-0003-supplementary.csv,41620.00,0.70,,
430.13,, ,201.60,,Taylor Dome (19-63 kyr BP),University of Bern,grl52461-sup-0003-supplementary.csv,41895.00,0.60,,
430.83,, ,202.20,,Taylor Dome (19-63 kyr BP),University of Bern,grl52461-sup-0003-supplementary.csv,42131.00,0.90,,
431.52,, ,201.90,,Taylor Dome (19-63 kyr BP),University of Bern,grl52461-sup-0003-supplementary.csv,42342.00,1.00,,
434.75,, ,199.90,,Taylor Dome (19-63 kyr BP),University of Bern,grl52461-sup-0003-supplementary.csv,43252.00,0.70,,
436.05,, ,201.70,,Taylor Dome (19-63 kyr BP),University of Bern,grl52461-sup-0003-supplementary.csv,43612.00,0.80,,
436.93,, ,205.00,,Taylor Dome (19-63 kyr BP),University of Bern,grl52461-sup-0003-supplementary.csv,43879.00,0.60,,
438.21,, ,210.00,,Taylor Dome (19-63 kyr BP),University of Bern,grl52461-sup-0003-supplementary.csv,44239.00,0.60,,
438.92,, ,214.00,,Taylor Dome (19-63 kyr BP),University of Bern,grl52461-sup-0003-supplementary.csv,44439.00,0.80,,
439.83,, ,216.20,,Taylor Dome (19-63 kyr BP),University of Bern,grl52461-sup-0003-supplementary.csv,44700.00,1.40,,
441.02,, ,214.60,,Taylor Dome (19-63 kyr BP),University of Bern,grl52461-sup-0003-supplementary.csv,45010.00,0.20,,
441.80,, ,215.70,,Taylor Dome (19-63 kyr BP),University of Bern,grl52461-sup-0003-supplementary.csv,45222.00,0.60,,
442.76,, ,210.60,,Taylor Dome (19-63 kyr BP),University of Bern,grl52461-sup-0003-supplementary.csv,45466.00,0.80,,
444.23,, ,206.60,,Taylor Dome (19-63 kyr BP),University of Bern,grl52461-sup-0003-supplementary.csv,45839.00,0.60,,
446.42,, ,203.10,,Taylor Dome (19-63 kyr BP),University of Bern,grl52461-sup-0003-supplementary.csv,46511.00,0.90,,
447.42,, ,200.00,,Taylor Dome (19-63 kyr BP),University of Bern,grl52461-sup-0003-supplementary.csv,46935.00,0.50,,
447.93,, ,199.10,,Taylor Dome (19-63 kyr BP),University of Bern,grl52461-sup-0003-supplementary.csv,47175.00,0.70,,
449.24,, ,202.10,,Taylor Dome (19-63 kyr BP),University of Bern,grl52461-sup-0003-supplementary.csv,47916.00,0.60,,
450.05,, ,206.90,,Taylor Dome (19-63 kyr BP),University of Bern,grl52461-sup-0003-supplementary.csv,48488.00,0.60,,
450.83,, ,206.90,,Taylor Dome (19-63 kyr BP),University of Bern,grl52461-sup-0003-supplementary.csv,49104.00,0.70,,
452.33,, ,212.30,,Taylor Dome (19-63 kyr BP),University of Bern,grl52461-sup-0003-supplementary.csv,50357.00,0.50,,
452.99,, ,214.30,,Taylor Dome (19-63 kyr BP),University of Bern,grl52461-sup-0003-supplementary.csv,50928.00,1.10,,
453.52,, ,218.00,,Taylor Dome (19-63 kyr BP),University of Bern,grl52461-sup-0003-supplementary.csv,51367.00,0.70,,
455.16,, ,216.90,,Taylor Dome (19-63 kyr BP),University of Bern,grl52461-sup-0003-supplementary.csv,52618.00,0.70,,
456.72,, ,211.70,,Taylor Dome (19-63 kyr BP),University of Bern,grl52461-sup-0003-supplementary.csv,53630.00,0.70,,
457.62,, ,210.80,,Taylor Dome (19-63 kyr BP),University of Bern,grl52461-sup-0003-supplementary.csv,54250.00,0.70,,
458.73,, ,208.00,,Taylor Dome (19-63 kyr BP),University of Bern,grl52461-sup-0003-supplementary.csv,55053.00,0.90,,
459.81,, ,211.50,,Taylor Dome (19-63 kyr BP),University of Bern,grl52461-sup-0003-supplementary.csv,55927.00,0.60,,
461.92,, ,218.20,,Taylor Dome (19-63 kyr BP),University of Bern,grl52461-sup-0003-supplementary.csv,57477.00,0.70,,
464.13,, ,220.40,,Taylor Dome (19-63 kyr BP),University of Bern,grl52461-sup-0003-supplementary.csv,58891.00,0.90,,
465.02,, ,215.00,,Taylor Dome (19-63 kyr BP),University of Bern,grl52461-sup-0003-supplementary.csv,59474.00,0.90,,
465.74,, ,214.90,,Taylor Dome (19-63 kyr BP),University of Bern,grl52461-sup-0003-supplementary.csv,59955.00,0.60,,
466.48,, ,212.50,,Taylor Dome (19-63 kyr BP),University of Bern,grl52461-sup-0003-supplementary.csv,60431.00,0.70,,
467.78,, ,204.60,,Taylor Dome (19-63 kyr BP),University of Bern,grl52461-sup-0003-supplementary.csv,61239.00,0.40,,
470.18,, ,197.40,,Taylor Dome (19-63 kyr BP),University of Bern,grl52461-sup-0003-supplementary.csv,62751.00,0.50,,
470.92,, ,203.60,,Taylor Dome (19-63 kyr BP),University of Bern,grl52461-sup-0003-supplementary.csv,63205.00,1.00,,
2761.85,,415945.61,276.40,,Dome C (393-664 kyr BP),University of Bern,grl52461-sup-0003-supplementary.csv,,1.60,415717.00,2700.77
2762.89,,416425.32,271.70,,Dome C (393-664 kyr BP),University of Bern,grl52461-sup-0003-supplementary.csv,,1.20,416193.00,2702.97
2765.08,,417440.44,273.40,,Dome C (393-664 kyr BP),University of Bern,grl52461-sup-0003-supplementary.csv,,1.50,417191.00,2705.17
2766.18,,417956.78,271.80,,Dome C (393-664 kyr BP),University of Bern,grl52461-sup-0003-supplementary.csv,,1.70,417698.00,2713.97
2767.33,,418505.30,274.60,,Dome C (393-664 kyr BP),University of Bern,grl52461-sup-0003-supplementary.csv,,1.80,418245.00,2718.37
2769.48,,419575.78,273.70,,Dome C (393-664 kyr BP),University of Bern,grl52461-sup-0003-supplementary.csv,,0.80,419260.00,2720.57
2770.58,,420133.76,271.20,,Dome C (393-664 kyr BP),University of Bern,grl52461-sup-0003-supplementary.csv,,1.50,419808.00,2724.97
2771.68,,420701.76,273.80,,Dome C (393-664 kyr BP),University of Bern,grl52461-sup-0003-supplementary.csv,,1.60,420350.00,2727.17
2773.88,,421912.15,268.60,,Dome C (393-664 kyr BP),University of Bern,grl52461-sup-0003-supplementary.csv,,1.40,421484.00,2731.57
2774.96,,422532.65,266.40,,Dome C (393-664 kyr BP),University of Bern,grl52461-sup-0003-supplementary.csv,,1.80,422074.00,2733.77
2776.13,,423225.50,270.60,,Dome C (393-664 kyr BP),University of Bern,grl52461-sup-0003-supplementary.csv,,1.10,422649.00,2738.17
2778.28,,424507.75,267.70,,Dome C (393-664 kyr BP),University of Bern,grl52461-sup-0003-supplementary.csv,,2.90,423764.00,2740.37
2779.39,,425132.26,268.30,,Dome C (393-664 kyr BP),University of Bern,grl52461-sup-0003-supplementary.csv,,1.90,424332.00,2744.77
2780.48,,425740.91,270.80,,Dome C (393-664 kyr BP),University of Bern,grl52461-sup-0003-supplementary.csv,,1.10,424840.00,2746.97
2781.32,,426237.27,270.00,,Dome C (393-664 kyr BP),University of Bern,grl52461-sup-0003-supplementary.csv,,2.50,425242.00,2746.97
2781.96,,426621.56,265.40,,Dome C (393-664 kyr BP),University of Bern,grl52461-sup-0003-supplementary.csv,,2.00,425569.00,2749.17
2782.73,,427154.96,255.30,,Dome C (393-664 kyr BP),University of Bern,grl52461-sup-0003-supplementary.csv,,1.30,425975.00,2751.37
2783.81,,427941.40,252.10,,Dome C (393-664 kyr BP),University of Bern,grl52461-sup-0003-supplementary.csv,,0.70,426598.00,2755.77
2784.88,,428840.20,248.20,,Dome C (393-664 kyr BP),University of Bern,grl52461-sup-0003-supplementary.csv,,0.90,427285.00,2757.97
2785.27,,429178.36,242.50,,Dome C (393-664 kyr BP),University of Bern,grl52461-sup-0003-supplementary.csv,,1.50,427566.00,2760.17
2787.08,,431023.76,219.70,,Dome C (393-664 kyr BP),University of Bern,grl52461-sup-0003-supplementary.csv,,1.70,429006.00,2762.37
2788.03,,432179.31,227.20,,Dome C (393-664 kyr BP),University of Bern,grl52461-sup-0003-supplementary.csv,,2.20,429876.00,2764.57
2789.29,,433850.30,211.50,,Dome C (393-664 kyr BP),University of Bern,grl52461-sup-0003-supplementary.csv,,1.70,431063.00,2766.77
2789.67,,434379.07,207.60,,Dome C (393-664 kyr BP),University of Bern,grl52461-sup-0003-supplementary.csv,,1.30,431445.00,2768.97
2790.78,,435939.69,209.80,,Dome C (393-664 kyr BP),University of Bern,grl52461-sup-0003-supplementary.csv,,1.60,432599.00,2771.17
2791.87,,437485.42,207.50,,Dome C (393-664 kyr BP),University of Bern,grl52461-sup-0003-supplementary.csv,,1.30,433674.00,2775.57
2792.97,,439063.42,200.30,,Dome C (393-664 kyr BP),University of Bern,grl52461-sup-0003-supplementary.csv,,1.60,434804.00,2775.57
2794.08,,440659.58,201.70,,Dome C (393-664 kyr BP),University of Bern,grl52461-sup-0003-supplementary.csv,,1.60,435989.00,2777.77
2795.17,,442230.78,201.30,,Dome C (393-664 kyr BP),University of Bern,grl52461-sup-0003-supplementary.csv,,1.10,437152.00,2779.97
2796.28,,443844.65,202.00,,Dome C (393-664 kyr BP),University of Bern,grl52461-sup-0003-supplementary.csv,,1.50,438356.00,2782.17
2797.38,,445331.73,199.10,,Dome C (393-664 kyr BP),University of Bern,grl52461-sup-0003-supplementary.csv,,1.10,439565.00,2784.37
2798.92,,447219.18,201.10,,Dome C (393-664 kyr BP),University of Bern,grl52461-sup-0003-supplementary.csv,,0.90,441220.00,
2800.02,,448459.18,203.50,,Dome C (393-664 kyr BP),University of Bern,grl52461-sup-0003-supplementary.csv,,0.60,442411.00,
2801.13,,449571.04,208.10,,Dome C (393-664 kyr BP),University of Bern,grl52461-sup-0003-supplementary.csv,,1.80,443562.00,
2802.21,,450642.89,201.70,,Dome C (393-664 kyr BP),University of Bern,grl52461-sup-0003-supplementary.csv,,1.70,444650.00,
2803.33,,451747.28,201.20,,Dome C (393-664 kyr BP),University of Bern,grl52461-sup-0003-supplementary.csv,,2.10,445829.00,
2804.42,,452735.84,204.90,,Dome C (393-664 kyr BP),University of Bern,grl52461-sup-0003-supplementary.csv,,1.40,446984.00,
2805.52,,453775.64,201.90,,Dome C (393-664 kyr BP),University of Bern,grl52461-sup-0003-supplementary.csv,,1.80,448103.00,
2806.62,,454864.31,198.40,,Dome C (393-664 kyr BP),University of Bern,grl52461-sup-0003-supplementary.csv,,1.30,449244.00,
2807.72,,456001.61,193.30,,Dome C (393-664 kyr BP),University of Bern,grl52461-sup-0003-supplementary.csv,,1.60,450455.00,
2808.82,,457114.44,192.50,,Dome C (393-664 kyr BP),University of Bern,grl52461-sup-0003-supplementary.csv,,1.00,451593.00,
2809.46,,457745.13,199.10,,Dome C (393-664 kyr BP),University of Bern,grl52461-sup-0003-supplementary.csv,,0.60,452283.00,
2809.93,,458208.29,204.30,,Dome C (393-664 kyr BP),University of Bern,grl52461-sup-0003-supplementary.csv,,1.00,452795.00,
2810.56,,458794.01,203.30,,Dome C (393-664 kyr BP),University of Bern,grl52461-sup-0003-supplementary.csv,,1.00,453514.00,
2811.01,,459211.55,208.30,,Dome C (393-664 kyr BP),University of Bern,grl52461-sup-0003-supplementary.csv,,1.40,454023.00,
2812.12,,460252.21,202.40,,Dome C (393-664 kyr BP),University of Bern,grl52461-sup-0003-supplementary.csv,,1.30,455279.00,
2813.21,,461286.06,195.50,,Dome C (393-664 kyr BP),University of Bern,grl52461-sup-0003-supplementary.csv,,0.80,456591.00,
2814.32,,462414.10,190.70,,Dome C (393-664 kyr BP),University of Bern,grl52461-sup-0003-supplementary.csv,,1.90,458049.00,
2815.43,,463526.65,194.40,,Dome C (393-664 kyr BP),University of Bern,grl52461-sup-0003-supplementary.csv,,0.70,459430.00,
2816.52,,464599.47,199.90,,Dome C (393-664 kyr BP),University of Bern,grl52461-sup-0003-supplementary.csv,,2.60,460792.00,
2817.25,,465265.36,205.20,,Dome C (393-664 kyr BP),University of Bern,grl52461-sup-0003-supplementary.csv,,0.90,461687.00,
2817.62,,465601.73,210.00,,Dome C (393-664 kyr BP),University of Bern,grl52461-sup-0003-supplementary.csv,,0.70,462133.00,
2818.72,,466632.30,208.10,,Dome C (393-664 kyr BP),University of Bern,grl52461-sup-0003-supplementary.csv,,2.20,463456.00,
2819.83,,467706.64,204.40,,Dome C (393-664 kyr BP),University of Bern,grl52461-sup-0003-supplementary.csv,,1.90,464866.00,
2820.92,,468877.71,203.40,,Dome C (393-664 kyr BP),University of Bern,grl52461-sup-0003-supplementary.csv,,1.20,466265.00,
2822.01,,470040.13,205.50,,Dome C (393-664 kyr BP),University of Bern,grl52461-sup-0003-supplementary.csv,,0.90,467602.00,
2822.66,,470725.98,206.50,,Dome C (393-664 kyr BP),University of Bern,grl52461-sup-0003-supplementary.csv,,0.90,468323.00,
2823.11,,471200.79,215.50,,Dome C (393-664 kyr BP),University of Bern,grl52461-sup-0003-supplementary.csv,,2.30,468810.00,
2823.76,,471824.53,218.70,,Dome C (393-664 kyr BP),University of Bern,grl52461-sup-0003-supplementary.csv,,0.90,469470.00,
2824.22,,472263.07,229.20,,Dome C (393-664 kyr BP),University of Bern,grl52461-sup-0003-supplementary.csv,,1.40,469941.00,
2824.86,,472863.27,232.70,,Dome C (393-664 kyr BP),University of Bern,grl52461-sup-0003-supplementary.csv,,0.70,470597.00,
2825.31,,473217.82,243.70,,Dome C (393-664 kyr BP),University of Bern,grl52461-sup-0003-supplementary.csv,,1.80,471046.00,
2826.05,,473800.85,243.90,,Dome C (393-664 kyr BP),University of Bern,grl52461-sup-0003-supplementary.csv,,1.10,471763.00,
2826.42,,474092.36,245.60,,Dome C (393-664 kyr BP),University of Bern,grl52461-sup-0003-supplementary.csv,,0.90,472095.00,
2827.53,,474974.11,241.20,,Dome C (393-664 kyr BP),University of Bern,grl52461-sup-0003-supplementary.csv,,1.70,473102.00,
2828.63,,475925.20,233.10,,Dome C (393-664 kyr BP),University of Bern,grl52461-sup-0003-supplementary.csv,,0.60,474162.00,
2829.72,,476949.80,232.80,,Dome C (393-664 kyr BP),University of Bern,grl52461-sup-0003-supplementary.csv,,1.10,475218.00,
2830.82,,477941.00,236.60,,Dome C (393-664 kyr BP),University of Bern,grl52461-sup-0003-supplementary.csv,,1.00,476240.00,
2831.93,,478892.46,239.10,,Dome C (393-664 kyr BP),University of Bern,grl52461-sup-0003-supplementary.csv,,0.90,477162.00,
2832.56,,479402.95,236.50,,Dome C (393-664 kyr BP),University of Bern,grl52461-sup-0003-supplementary.csv,,1.20,477719.00,
2833.02,,479775.69,231.30,,Dome C (393-664 kyr BP),University of Bern,grl52461-sup-0003-supplementary.csv,,1.00,478124.00,
2833.66,,480328.30,220.80,,Dome C (393-664 kyr BP),University of Bern,grl52461-sup-0003-supplementary.csv,,0.70,478721.00,
2834.12,,480726.68,218.80,,Dome C (393-664 kyr BP),University of Bern,grl52461-sup-0003-supplementary.csv,,2.30,479144.00,
2835.22,,481662.96,223.80,,Dome C (393-664 kyr BP),University of Bern,grl52461-sup-0003-supplementary.csv,,1.40,480108.00,
2836.32,,482580.96,223.40,,Dome C (393-664 kyr BP),University of Bern,grl52461-sup-0003-supplementary.csv,,1.70,481035.00,
2837.43,,483395.38,227.30,,Dome C (393-664 kyr BP),University of Bern,grl52461-sup-0003-supplementary.csv,,1.30,481932.00,
2838.53,,484179.79,231.40,,Dome C (393-664 kyr BP),University of Bern,grl52461-sup-0003-supplementary.csv,,1.10,482803.00,
2839.62,,484936.18,231.40,,Dome C (393-664 kyr BP),University of Bern,grl52461-sup-0003-supplementary.csv,,1.30,483649.00,
2840.71,,485667.52,231.20,,Dome C (393-664 kyr BP),University of Bern,grl52461-sup-0003-supplementary.csv,,1.20,484465.00,
2841.81,,486398.67,233.00,,Dome C (393-664 kyr BP),University of Bern,grl52461-sup-0003-supplementary.csv,,1.40,485276.00,
2842.92,,487129.25,232.90,,Dome C (393-664 kyr BP),University of Bern,grl52461-sup-0003-supplementary.csv,,1.20,486043.00,
2844.02,,487848.07,231.30,,Dome C (393-664 kyr BP),University of Bern,grl52461-sup-0003-supplementary.csv,,1.20,486816.00,
2845.11,,488565.45,237.10,,Dome C (393-664 kyr BP),University of Bern,grl52461-sup-0003-supplementary.csv,,1.80,487541.00,
2846.22,,489302.09,242.00,,Dome C (393-664 kyr BP),University of Bern,grl52461-sup-0003-supplementary.csv,,0.20,488268.00,
2846.86,,489719.79,240.90,,Dome C (393-664 kyr BP),University of Bern,grl52461-sup-0003-supplementary.csv,,0.40,488689.00,
2847.33,,490026.29,252.80,,Dome C (393-664 kyr BP),University of Bern,grl52461-sup-0003-supplementary.csv,,2.50,488996.00,
2848.05,,490494.91,249.30,,Dome C (393-664 kyr BP),University of Bern,grl52461-sup-0003-supplementary.csv,,2.70,489475.00,
2848.42,,490733.95,242.60,,Dome C (393-664 kyr BP),University of Bern,grl52461-sup-0003-supplementary.csv,,0.60,489722.00,
2849.53,,491451.08,243.30,,Dome C (393-664 kyr BP),University of Bern,grl52461-sup-0003-supplementary.csv,,1.30,490445.00,
2850.63,,492154.55,246.70,,Dome C (393-664 kyr BP),University of Bern,grl52461-sup-0003-supplementary.csv,,1.60,491191.00,
2851.72,,492863.78,243.70,,Dome C (393-664 kyr BP),University of Bern,grl52461-sup-0003-supplementary.csv,,1.40,491959.00,
2852.82,,493593.11,239.70,,Dome C (393-664 kyr BP),University of Bern,grl52461-sup-0003-supplementary.csv,,1.90,492738.00,
2853.91,,494300.39,239.10,,Dome C (393-664 kyr BP),University of Bern,grl52461-sup-0003-supplementary.csv,,1.20,493507.00,
2855.03,,495024.13,238.30,,Dome C (393-664 kyr BP),University of Bern,grl52461-sup-0003-supplementary.csv,,2.00,494311.00,
2856.12,,495725.69,238.50,,Dome C (393-664 kyr BP),University of Bern,grl52461-sup-0003-supplementary.csv,,1.40,495085.00,
2857.22,,496444.07,237.60,,Dome C (393-664 kyr BP),University of Bern,grl52461-sup-0003-supplementary.csv,,1.60,495853.00,
2858.32,,497187.63,236.40,,Dome C (393-664 kyr BP),University of Bern,grl52461-sup-0003-supplementary.csv,,2.10,496608.00,
2859.43,,497965.98,236.50,,Dome C (393-664 kyr BP),University of Bern,grl52461-sup-0003-supplementary.csv,,1.70,497366.00,
2860.51,,498737.42,232.80,,Dome C (393-664 kyr BP),University of Bern,grl52461-sup-0003-supplementary.csv,,0.80,498104.00,
2861.62,,499526.78,230.60,,Dome C (393-664 kyr BP),University of Bern,grl52461-sup-0003-supplementary.csv,,0.50,498865.00,
2862.72,,500304.78,230.80,,Dome C (393-664 kyr BP),University of Bern,grl52461-sup-0003-supplementary.csv,,1.00,499610.00,
2863.83,,501083.96,228.20,,Dome C (393-664 kyr BP),University of Bern,grl52461-sup-0003-supplementary.csv,,1.70,500363.00,
2864.93,,501861.42,230.80,,Dome C (393-664 kyr BP),University of Bern,grl52461-sup-0003-supplementary.csv,,1.40,501130.00,
2866.02,,502637.64,231.20,,Dome C (393-664 kyr BP),University of Bern,grl52461-sup-0003-supplementary.csv,,0.80,501866.00,
2867.13,,503418.93,232.00,,Dome C (393-664 kyr BP),University of Bern,grl52461-sup-0003-supplementary.csv,,1.60,502625.00,
2868.23,,504177.19,232.20,,Dome C (393-664 kyr BP),University of Bern,grl52461-sup-0003-supplementary.csv,,1.40,503375.00,
2869.32,,504911.78,234.10,,Dome C (393-664 kyr BP),University of Bern,grl52461-sup-0003-supplementary.csv,,0.80,504083.00,
2870.42,,505684.24,233.90,,Dome C (393-664 kyr BP),University of Bern,grl52461-sup-0003-supplementary.csv,,1.10,504777.00,
2871.52,,506483.73,235.50,,Dome C (393-664 kyr BP),University of Bern,grl52461-sup-0003-supplementary.csv,,1.80,505516.00,
2872.62,,507312.40,236.00,,Dome C (393-664 kyr BP),University of Bern,grl52461-sup-0003-supplementary.csv,,2.10,506287.00,
2873.72,,508117.72,238.20,,Dome C (393-664 kyr BP),University of Bern,grl52461-sup-0003-supplementary.csv,,0.90,507011.00,
2874.82,,508940.98,237.00,,Dome C (393-664 kyr BP),University of Bern,grl52461-sup-0003-supplementary.csv,,0.80,507714.00,
2875.92,,509784.98,240.30,,Dome C (393-664 kyr BP),University of Bern,grl52461-sup-0003-supplementary.csv,,0.70,508476.00,
2877.02,,510652.33,233.40,,Dome C (393-664 kyr BP),University of Bern,grl52461-sup-0003-supplementary.csv,,1.00,509247.00,
2878.12,,511512.45,236.40,,Dome C (393-664 kyr BP),University of Bern,grl52461-sup-0003-supplementary.csv,,1.40,510008.00,
2879.22,,512363.78,235.20,,Dome C (393-664 kyr BP),University of Bern,grl52461-sup-0003-supplementary.csv,,0.50,510765.00,
2880.32,,513204.74,242.00,,Dome C (393-664 kyr BP),University of Bern,grl52461-sup-0003-supplementary.csv,,0.80,511515.00,
2881.42,,514033.12,238.20,,Dome C (393-664 kyr BP),University of Bern,grl52461-sup-0003-supplementary.csv,,1.00,512269.00,
2882.52,,514847.78,239.20,,Dome C (393-664 kyr BP),University of Bern,grl52461-sup-0003-supplementary.csv,,1.20,512997.00,
2883.62,,515650.78,241.50,,Dome C (393-664 kyr BP),University of Bern,grl52461-sup-0003-supplementary.csv,,1.30,513724.00,
2884.72,,516420.98,243.00,,Dome C (393-664 kyr BP),University of Bern,grl52461-sup-0003-supplementary.csv,,0.50,514429.00,
2885.82,,517154.98,247.20,,Dome C (393-664 kyr BP),University of Bern,grl52461-sup-0003-supplementary.csv,,2.20,515113.00,
2886.92,,517876.01,246.20,,Dome C (393-664 kyr BP),University of Bern,grl52461-sup-0003-supplementary.csv,,2.60,515771.00,
2888.02,,518600.46,245.50,,Dome C (393-664 kyr BP),University of Bern,grl52461-sup-0003-supplementary.csv,,1.10,516417.00,
2889.12,,519329.13,245.30,,Dome C (393-664 kyr BP),University of Bern,grl52461-sup-0003-supplementary.csv,,1.30,517069.00,
2890.22,,520073.36,247.70,,Dome C (393-664 kyr BP),University of Bern,grl52461-sup-0003-supplementary.csv,,1.40,517706.00,
2891.32,,520821.81,245.50,,Dome C (393-664 kyr BP),University of Bern,grl52461-sup-0003-supplementary.csv,,0.80,518334.00,
2892.42,,521574.47,243.50,,Dome C (393-664 kyr BP),University of Bern,grl52461-sup-0003-supplementary.csv,,0.70,518965.00,
2895.71,,523801.82,241.90,,Dome C (393-664 kyr BP),University of Bern,grl52461-sup-0003-supplementary.csv,,1.40,520892.00,
2896.82,,524570.87,236.80,,Dome C (393-664 kyr BP),University of Bern,grl52461-sup-0003-supplementary.csv,,0.80,521552.00,
2897.92,,525337.00,235.80,,Dome C (393-664 kyr BP),University of Bern,grl52461-sup-0003-supplementary.csv,,1.20,522216.00,
2899.02,,526107.00,233.70,,Dome C (393-664 kyr BP),University of Bern,grl52461-sup-0003-supplementary.csv,,0.70,522923.00,
2900.12,,526895.81,230.30,,Dome C (393-664 kyr BP),University of Bern,grl52461-sup-0003-supplementary.csv,,0.80,523666.00,
2901.22,,527698.69,227.80,,Dome C (393-664 kyr BP),University of Bern,grl52461-sup-0003-supplementary.csv,,0.60,524409.00,
2902.32,,528516.69,224.70,,Dome C (393-664 kyr BP),University of Bern,grl52461-sup-0003-supplementary.csv,,1.90,525164.00,
2903.42,,529403.43,222.70,,Dome C (393-664 kyr BP),University of Bern,grl52461-sup-0003-supplementary.csv,,1.00,525908.00,
2904.51,,530290.51,221.20,,Dome C (393-664 kyr BP),University of Bern,grl52461-sup-0003-supplementary.csv,,1.20,526661.00,
2905.62,,531201.38,220.30,,Dome C (393-664 kyr BP),University of Bern,grl52461-sup-0003-supplementary.csv,,0.50,527454.00,
2906.72,,532078.76,220.70,,Dome C (393-664 kyr BP),University of Bern,grl52461-sup-0003-supplementary.csv,,0.90,528262.00,
2907.36,,532592.53,214.50,,Dome C (393-664 kyr BP),University of Bern,grl52461-sup-0003-supplementary.csv,,0.50,528747.00,
2907.82,,532987.57,211.40,,Dome C (393-664 kyr BP),University of Bern,grl52461-sup-0003-supplementary.csv,,2.20,529101.00,
2908.48,,533554.37,204.40,,Dome C (393-664 kyr BP),University of Bern,grl52461-sup-0003-supplementary.csv,,0.60,529640.00,
2908.92,,533932.24,200.00,,Dome C (393-664 kyr BP),University of Bern,grl52461-sup-0003-supplementary.csv,,0.80,530016.00,
2909.65,,534668.18,195.10,,Dome C (393-664 kyr BP),University of Bern,grl52461-sup-0003-supplementary.csv,,0.70,530685.00,
2910.02,,535043.56,193.80,,Dome C (393-664 kyr BP),University of Bern,grl52461-sup-0003-supplementary.csv,,0.80,531035.00,
2910.66,,535695.05,190.50,,Dome C (393-664 kyr BP),University of Bern,grl52461-sup-0003-supplementary.csv,,1.70,531662.00,
2911.12,,536178.47,199.80,,Dome C (393-664 kyr BP),University of Bern,grl52461-sup-0003-supplementary.csv,,1.20,532119.00,
2912.22,,537334.47,199.40,,Dome C (393-664 kyr BP),University of Bern,grl52461-sup-0003-supplementary.csv,,0.80,533246.00,
2913.33,,538440.76,205.00,,Dome C (393-664 kyr BP),University of Bern,grl52461-sup-0003-supplementary.csv,,0.90,534364.00,
2914.42,,539513.82,206.40,,Dome C (393-664 kyr BP),University of Bern,grl52461-sup-0003-supplementary.csv,,0.70,535483.00,
2915.52,,540583.82,212.90,,Dome C (393-664 kyr BP),University of Bern,grl52461-sup-0003-supplementary.csv,,1.30,536622.00,
2916.62,,541653.82,211.20,,Dome C (393-664 kyr BP),University of Bern,grl52461-sup-0003-supplementary.csv,,0.70,537770.00,
2917.72,,542740.21,205.00,,Dome C (393-664 kyr BP),University of Bern,grl52461-sup-0003-supplementary.csv,,0.80,538959.00,
2918.82,,543844.87,203.60,,Dome C (393-664 kyr BP),University of Bern,grl52461-sup-0003-supplementary.csv,,1.20,540154.00,
2919.92,,544885.99,208.10,,Dome C (393-664 kyr BP),University of Bern,grl52461-sup-0003-supplementary.csv,,0.80,541345.00,
2921.00,,545864.91,210.30,,Dome C (393-664 kyr BP),University of Bern,grl52461-sup-0003-supplementary.csv,,1.60,542502.00,
2922.12,,546830.15,209.60,,Dome C (393-664 kyr BP),University of Bern,grl52461-sup-0003-supplementary.csv,,1.60,543676.00,
2923.22,,547806.68,209.70,,Dome C (393-664 kyr BP),University of Bern,grl52461-sup-0003-supplementary.csv,,0.80,544804.00,
2924.32,,548770.78,204.60,,Dome C (393-664 kyr BP),University of Bern,grl52461-sup-0003-supplementary.csv,,1.90,545956.00,
2925.42,,549720.11,202.50,,Dome C (393-664 kyr BP),University of Bern,grl52461-sup-0003-supplementary.csv,,1.60,547013.00,
2926.07,,550230.73,208.80,,Dome C (393-664 kyr BP),University of Bern,grl52461-sup-0003-supplementary.csv,,0.70,547573.00,
2926.52,,550582.55,213.60,,Dome C (393-664 kyr BP),University of Bern,grl52461-sup-0003-supplementary.csv,,0.90,547972.00,
2927.62,,551381.09,215.20,,Dome C (393-664 kyr BP),University of Bern,grl52461-sup-0003-supplementary.csv,,0.50,548933.00,
2928.72,,552111.09,219.90,,Dome C (393-664 kyr BP),University of Bern,grl52461-sup-0003-supplementary.csv,,0.50,549830.00,
2929.82,,552681.56,221.70,,Dome C (393-664 kyr BP),University of Bern,grl52461-sup-0003-supplementary.csv,,1.40,550637.00,
2930.48,,553020.92,222.30,,Dome C (393-664 kyr BP),University of Bern,grl52461-sup-0003-supplementary.csv,,0.90,551124.00,
2930.92,,553245.99,226.30,,Dome C (393-664 kyr BP),University of Bern,grl52461-sup-0003-supplementary.csv,,0.90,551452.00,
2931.65,,553619.39,222.10,,Dome C (393-664 kyr BP),University of Bern,grl52461-sup-0003-supplementary.csv,,1.10,551979.00,
2932.02,,553808.65,220.30,,Dome C (393-664 kyr BP),University of Bern,grl52461-sup-0003-supplementary.csv,,0.30,552250.00,
2933.12,,554479.62,223.60,,Dome C (393-664 kyr BP),University of Bern,grl52461-sup-0003-supplementary.csv,,1.10,552961.00,
2934.22,,555158.35,224.30,,Dome C (393-664 kyr BP),University of Bern,grl52461-sup-0003-supplementary.csv,,2.20,553626.00,
2935.32,,555842.35,226.70,,Dome C (393-664 kyr BP),University of Bern,grl52461-sup-0003-supplementary.csv,,1.20,554254.00,
2936.42,,556407.02,233.90,,Dome C (393-664 kyr BP),University of Bern,grl52461-sup-0003-supplementary.csv,,1.50,554831.00,
2937.52,,556923.29,241.00,,Dome C (393-664 kyr BP),University of Bern,grl52461-sup-0003-supplementary.csv,,1.40,555345.00,
2938.17,,557198.65,243.00,,Dome C (393-664 kyr BP),University of Bern,grl52461-sup-0003-supplementary.csv,,0.80,555637.00,
2938.61,,557385.05,249.10,,Dome C (393-664 kyr BP),University of Bern,grl52461-sup-0003-supplementary.csv,,2.10,555839.00,
2939.27,,557657.14,244.00,,Dome C (393-664 kyr BP),University of Bern,grl52461-sup-0003-supplementary.csv,,1.50,556143.00,
2939.71,,557838.21,250.50,,Dome C (393-664 kyr BP),University of Bern,grl52461-sup-0003-supplementary.csv,,0.80,556364.00,
2940.47,,558154.56,245.60,,Dome C (393-664 kyr BP),University of Bern,grl52461-sup-0003-supplementary.csv,,1.30,556724.00,
2940.82,,558306.02,240.40,,Dome C (393-664 kyr BP),University of Bern,grl52461-sup-0003-supplementary.csv,,0.90,556889.00,
2941.91,,558777.69,238.10,,Dome C (393-664 kyr BP),University of Bern,grl52461-sup-0003-supplementary.csv,,1.20,557385.00,
2943.01,,559316.01,234.50,,Dome C (393-664 kyr BP),University of Bern,grl52461-sup-0003-supplementary.csv,,1.00,557887.00,
2943.66,,559636.76,229.70,,Dome C (393-664 kyr BP),University of Bern,grl52461-sup-0003-supplementary.csv,,0.40,558183.00,
2944.12,,559872.62,230.20,,Dome C (393-664 kyr BP),University of Bern,grl52461-sup-0003-supplementary.csv,,0.70,558393.00,
2945.22,,560436.62,230.30,,Dome C (393-664 kyr BP),University of Bern,grl52461-sup-0003-supplementary.csv,,1.50,558929.00,
2946.32,,560965.60,228.30,,Dome C (393-664 kyr BP),University of Bern,grl52461-sup-0003-supplementary.csv,,0.90,559461.00,
2947.42,,561450.74,231.60,,Dome C (393-664 kyr BP),University of Bern,grl52461-sup-0003-supplementary.csv,,1.20,559972.00,
2948.52,,561888.07,231.90,,Dome C (393-664 kyr BP),University of Bern,grl52461-sup-0003-supplementary.csv,,1.20,560459.00,
2949.62,,562310.49,234.60,,Dome C (393-664 kyr BP),University of Bern,grl52461-sup-0003-supplementary.csv,,1.50,560930.00,
2950.53,,562655.60,234.10,,Dome C (393-664 kyr BP),University of Bern,grl52461-sup-0003-supplementary.csv,,0.90,561309.00,
2951.82,,563134.85,240.10,,Dome C (393-664 kyr BP),University of Bern,grl52461-sup-0003-supplementary.csv,,2.10,561846.00,
2952.92,,563535.74,242.30,,Dome C (393-664 kyr BP),University of Bern,grl52461-sup-0003-supplementary.csv,,0.50,562272.00,
2954.02,,563927.90,245.70,,Dome C (393-664 kyr BP),University of Bern,grl52461-sup-0003-supplementary.csv,,1.80,562690.00,
2955.12,,564310.56,245.80,,Dome C (393-664 kyr BP),University of Bern,grl52461-sup-0003-supplementary.csv,,0.50,563115.00,
2956.22,,564724.36,247.60,,Dome C (393-664 kyr BP),University of Bern,grl52461-sup-0003-supplementary.csv,,1.50,563517.00,
2957.32,,565134.30,251.40,,Dome C (393-664 kyr BP),University of Bern,grl52461-sup-0003-supplementary.csv,,1.70,563918.00,
2958.42,,565538.96,252.40,,Dome C (393-664 kyr BP),University of Bern,grl52461-sup-0003-supplementary.csv,,1.70,564311.00,
2959.52,,565895.64,252.60,,Dome C (393-664 kyr BP),University of Bern,grl52461-sup-0003-supplementary.csv,,1.00,564699.00,
2960.62,,566245.30,251.40,,Dome C (393-664 kyr BP),University of Bern,grl52461-sup-0003-supplementary.csv,,0.70,565077.00,
2961.72,,566588.64,253.70,,Dome C (393-664 kyr BP),University of Bern,grl52461-sup-0003-supplementary.csv,,0.80,565466.00,
2962.82,,566918.35,254.30,,Dome C (393-664 kyr BP),University of Bern,grl52461-sup-0003-supplementary.csv,,1.60,565851.00,
2963.92,,567239.49,253.90,,Dome C (393-664 kyr BP),University of Bern,grl52461-sup-0003-supplementary.csv,,0.70,566233.00,
2965.01,,567548.65,254.50,,Dome C (393-664 kyr BP),University of Bern,grl52461-sup-0003-supplementary.csv,,1.60,566619.00,
2966.12,,567884.89,253.20,,Dome C (393-664 kyr BP),University of Bern,grl52461-sup-0003-supplementary.csv,,0.90,567007.00,
2967.19,,568204.14,253.90,,Dome C (393-664 kyr BP),University of Bern,grl52461-sup-0003-supplementary.csv,,1.20,567381.00,
2968.32,,568534.24,252.80,,Dome C (393-664 kyr BP),University of Bern,grl52461-sup-0003-supplementary.csv,,1.10,567777.00,
2969.42,,568930.15,253.00,,Dome C (393-664 kyr BP),University of Bern,grl52461-sup-0003-supplementary.csv,,0.60,568167.00,
2970.52,,569314.59,250.20,,Dome C (393-664 kyr BP),University of Bern,grl52461-sup-0003-supplementary.csv,,0.40,568556.00,
2971.62,,569683.93,251.30,,Dome C (393-664 kyr BP),University of Bern,grl52461-sup-0003-supplementary.csv,,1.30,568946.00,
2972.71,,570067.25,250.00,,Dome C (393-664 kyr BP),University of Bern,grl52461-sup-0003-supplementary.csv,,1.30,569331.00,
2973.82,,570463.46,251.30,,Dome C (393-664 kyr BP),University of Bern,grl52461-sup-0003-supplementary.csv,,1.30,569728.00,
2974.92,,570862.13,251.80,,Dome C (393-664 kyr BP),University of Bern,grl52461-sup-0003-supplementary.csv,,1.20,570139.00,
2976.02,,571261.44,251.80,,Dome C (393-664 kyr BP),University of Bern,grl52461-sup-0003-supplementary.csv,,1.30,570548.00,
2977.12,,571633.36,249.60,,Dome C (393-664 kyr BP),University of Bern,grl52461-sup-0003-supplementary.csv,,0.50,570955.00,
2978.22,,571974.69,251.60,,Dome C (393-664 kyr BP),University of Bern,grl52461-sup-0003-supplementary.csv,,1.70,571367.00,
2979.32,,572314.73,250.30,,Dome C (393-664 kyr BP),University of Bern,grl52461-sup-0003-supplementary.csv,,1.00,571775.00,
2980.41,,572669.87,246.30,,Dome C (393-664 kyr BP),University of Bern,grl52461-sup-0003-supplementary.csv,,1.10,572190.00,
2981.52,,573052.65,247.70,,Dome C (393-664 kyr BP),University of Bern,grl52461-sup-0003-supplementary.csv,,0.70,572619.00,
2982.62,,573474.79,249.20,,Dome C (393-664 kyr BP),University of Bern,grl52461-sup-0003-supplementary.csv,,1.10,573037.00,
2983.72,,573911.99,248.70,,Dome C (393-664 kyr BP),University of Bern,grl52461-sup-0003-supplementary.csv,,0.40,573462.00,
2984.82,,574364.65,251.80,,Dome C (393-664 kyr BP),University of Bern,grl52461-sup-0003-supplementary.csv,,1.80,573902.00,
2985.92,,574805.00,251.90,,Dome C (393-664 kyr BP),University of Bern,grl52461-sup-0003-supplementary.csv,,0.70,574353.00,
2987.02,,575234.92,252.10,,Dome C (393-664 kyr BP),University of Bern,grl52461-sup-0003-supplementary.csv,,1.30,574803.00,
2988.12,,575653.58,248.90,,Dome C (393-664 kyr BP),University of Bern,grl52461-sup-0003-supplementary.csv,,1.00,575265.00,
2989.22,,576111.81,252.50,,Dome C (393-664 kyr BP),University of Bern,grl52461-sup-0003-supplementary.csv,,0.50,575730.00,
2990.32,,576597.93,252.90,,Dome C (393-664 kyr BP),University of Bern,grl52461-sup-0003-supplementary.csv,,1.10,576222.00,
2991.42,,577113.93,251.30,,Dome C (393-664 kyr BP),University of Bern,grl52461-sup-0003-supplementary.csv,,1.10,576723.00,
2992.52,,577652.62,251.30,,Dome C (393-664 kyr BP),University of Bern,grl52461-sup-0003-supplementary.csv,,1.10,577242.00,
2993.62,,578195.11,251.10,,Dome C (393-664 kyr BP),University of Bern,grl52461-sup-0003-supplementary.csv,,0.60,577769.00,
2994.72,,578741.11,249.10,,Dome C (393-664 kyr BP),University of Bern,grl52461-sup-0003-supplementary.csv,,0.50,578305.00,
2995.82,,579279.33,252.90,,Dome C (393-664 kyr BP),University of Bern,grl52461-sup-0003-supplementary.csv,,1.10,578857.00,
2996.92,,579831.82,251.50,,Dome C (393-664 kyr BP),University of Bern,grl52461-sup-0003-supplementary.csv,,1.80,579435.00,
2997.65,,580209.21,244.10,,Dome C (393-664 kyr BP),University of Bern,grl52461-sup-0003-supplementary.csv,,1.70,579821.00,
2998.02,,580400.49,243.80,,Dome C (393-664 kyr BP),University of Bern,grl52461-sup-0003-supplementary.csv,,0.90,580019.00,
2998.66,,580815.64,236.20,,Dome C (393-664 kyr BP),University of Bern,grl52461-sup-0003-supplementary.csv,,0.30,580400.00,
2999.12,,581117.01,230.30,,Dome C (393-664 kyr BP),University of Bern,grl52461-sup-0003-supplementary.csv,,0.60,580695.00,
2999.76,,581546.53,225.20,,Dome C (393-664 kyr BP),University of Bern,grl52461-sup-0003-supplementary.csv,,1.60,581160.00,
3000.22,,581926.24,219.40,,Dome C (393-664 kyr BP),University of Bern,grl52461-sup-0003-supplementary.csv,,0.80,581507.00,
3000.86,,582454.53,215.40,,Dome C (393-664 kyr BP),University of Bern,grl52461-sup-0003-supplementary.csv,,1.10,582000.00,
3001.32,,582834.24,209.90,,Dome C (393-664 kyr BP),University of Bern,grl52461-sup-0003-supplementary.csv,,1.20,582391.00,
3002.05,,583576.82,206.70,,Dome C (393-664 kyr BP),University of Bern,grl52461-sup-0003-supplementary.csv,,0.50,583034.00,
3002.42,,583956.24,210.60,,Dome C (393-664 kyr BP),University of Bern,grl52461-sup-0003-supplementary.csv,,0.60,583413.00,
3005.26,,586720.84,224.00,,Dome C (393-664 kyr BP),University of Bern,grl52461-sup-0003-supplementary.csv,,0.90,586406.00,
3005.72,,587169.41,226.00,,Dome C (393-664 kyr BP),University of Bern,grl52461-sup-0003-supplementary.csv,,1.40,586893.00,
3006.45,,587891.27,234.40,,Dome C (393-664 kyr BP),University of Bern,grl52461-sup-0003-supplementary.csv,,0.50,587647.00,
3006.82,,588276.75,238.80,,Dome C (393-664 kyr BP),University of Bern,grl52461-sup-0003-supplementary.csv,,1.00,588034.00,
3007.46,,588943.51,246.30,,Dome C (393-664 kyr BP),University of Bern,grl52461-sup-0003-supplementary.csv,,1.80,588716.00,
3007.92,,589422.75,250.20,,Dome C (393-664 kyr BP),University of Bern,grl52461-sup-0003-supplementary.csv,,0.40,589224.00,
3008.56,,590042.56,248.10,,Dome C (393-664 kyr BP),University of Bern,grl52461-sup-0003-supplementary.csv,,0.60,589868.00,
3009.02,,590486.39,243.60,,Dome C (393-664 kyr BP),University of Bern,grl52461-sup-0003-supplementary.csv,,0.80,590335.00,
3009.57,,591017.05,237.40,,Dome C (393-664 kyr BP),University of Bern,grl52461-sup-0003-supplementary.csv,,0.80,590893.00,
3010.85,,592386.15,225.70,,Dome C (393-664 kyr BP),University of Bern,grl52461-sup-0003-supplementary.csv,,1.10,592279.00,
3011.22,,592782.84,229.40,,Dome C (393-664 kyr BP),University of Bern,grl52461-sup-0003-supplementary.csv,,1.30,592697.00,
3011.87,,593558.25,233.20,,Dome C (393-664 kyr BP),University of Bern,grl52461-sup-0003-supplementary.csv,,0.30,593415.00,
3012.28,,594049.75,238.10,,Dome C (393-664 kyr BP),University of Bern,grl52461-sup-0003-supplementary.csv,,0.90,593870.00,
3012.96,,594866.89,238.00,,Dome C (393-664 kyr BP),University of Bern,grl52461-sup-0003-supplementary.csv,,1.10,594639.00,
3013.42,,595433.39,232.90,,Dome C (393-664 kyr BP),University of Bern,grl52461-sup-0003-supplementary.csv,,0.60,595189.00,
3014.06,,596221.56,221.20,,Dome C (393-664 kyr BP),University of Bern,grl52461-sup-0003-supplementary.csv,,1.80,595950.00,
3014.52,,596788.05,216.40,,Dome C (393-664 kyr BP),University of Bern,grl52461-sup-0003-supplementary.csv,,0.90,596515.00,
3015.25,,597807.12,216.30,,Dome C (393-664 kyr BP),University of Bern,grl52461-sup-0003-supplementary.csv,,1.50,597443.00,
3015.62,,598326.24,219.00,,Dome C (393-664 kyr BP),University of Bern,grl52461-sup-0003-supplementary.csv,,1.00,597966.00,
3016.26,,599218.22,226.00,,Dome C (393-664 kyr BP),University of Bern,grl52461-sup-0003-supplementary.csv,,1.10,598833.00,
3016.72,,599817.89,229.40,,Dome C (393-664 kyr BP),University of Bern,grl52461-sup-0003-supplementary.csv,,1.40,599434.00,
3017.82,,601251.89,232.50,,Dome C (393-664 kyr BP),University of Bern,grl52461-sup-0003-supplementary.csv,,1.30,600882.00,
3018.92,,602597.70,237.90,,Dome C (393-664 kyr BP),University of Bern,grl52461-sup-0003-supplementary.csv,,0.80,602278.00,
3020.02,,603946.07,239.10,,Dome C (393-664 kyr BP),University of Bern,grl52461-sup-0003-supplementary.csv,,1.10,603673.00,
3021.12,,605300.07,244.50,,Dome C (393-664 kyr BP),University of Bern,grl52461-sup-0003-supplementary.csv,,0.70,605076.00,
3022.19,,606622.82,248.50,,Dome C (393-664 kyr BP),University of Bern,grl52461-sup-0003-supplementary.csv,,1.70,606374.00,
3023.32,,607976.42,254.60,,Dome C (393-664 kyr BP),University of Bern,grl52461-sup-0003-supplementary.csv,,1.20,607708.00,
3024.42,,609244.42,259.20,,Dome C (393-664 kyr BP),University of Bern,grl52461-sup-0003-supplementary.csv,,1.80,608929.00,
3025.52,,610426.82,257.70,,Dome C (393-664 kyr BP),University of Bern,grl52461-sup-0003-supplementary.csv,,0.50,610136.00,
3026.62,,611597.99,259.60,,Dome C (393-664 kyr BP),University of Bern,grl52461-sup-0003-supplementary.csv,,1.20,611319.00,
3027.72,,612759.33,258.00,,Dome C (393-664 kyr BP),University of Bern,grl52461-sup-0003-supplementary.csv,,1.40,612514.00,
3028.82,,613940.12,256.00,,Dome C (393-664 kyr BP),University of Bern,grl52461-sup-0003-supplementary.csv,,0.40,613709.00,
3029.92,,615137.84,252.50,,Dome C (393-664 kyr BP),University of Bern,grl52461-sup-0003-supplementary.csv,,1.10,614923.00,
3031.02,,616353.84,252.40,,Dome C (393-664 kyr BP),University of Bern,grl52461-sup-0003-supplementary.csv,,0.90,616227.00,
3032.09,,617606.64,252.30,,Dome C (393-664 kyr BP),University of Bern,grl52461-sup-0003-supplementary.csv,,1.10,617544.00,
3033.22,,618950.73,247.90,,Dome C (393-664 kyr BP),University of Bern,grl52461-sup-0003-supplementary.csv,,1.00,618955.00,
3034.32,,620280.73,245.40,,Dome C (393-664 kyr BP),University of Bern,grl52461-sup-0003-supplementary.csv,,0.30,620338.00,
3035.42,,621648.34,243.00,,Dome C (393-664 kyr BP),University of Bern,grl52461-sup-0003-supplementary.csv,,0.80,621760.00,
3036.52,,623051.67,238.60,,Dome C (393-664 kyr BP),University of Bern,grl52461-sup-0003-supplementary.csv,,0.80,623214.00,
3037.62,,624493.67,237.30,,Dome C (393-664 kyr BP),University of Bern,grl52461-sup-0003-supplementary.csv,,1.00,624690.00,
3038.26,,625394.39,234.30,,Dome C (393-664 kyr BP),University of Bern,grl52461-sup-0003-supplementary.csv,,0.30,625570.00,
3038.72,,626043.97,227.80,,Dome C (393-664 kyr BP),University of Bern,grl52461-sup-0003-supplementary.csv,,0.90,626215.00,
3039.36,,626974.05,214.90,,Dome C (393-664 kyr BP),University of Bern,grl52461-sup-0003-supplementary.csv,,0.50,627211.00,
3039.82,,627825.47,205.00,,Dome C (393-664 kyr BP),University of Bern,grl52461-sup-0003-supplementary.csv,,0.90,627999.00,
3040.53,,629139.62,198.70,,Dome C (393-664 kyr BP),University of Bern,grl52461-sup-0003-supplementary.csv,,0.80,629446.00,
3040.92,,629861.47,199.90,,Dome C (393-664 kyr BP),University of Bern,grl52461-sup-0003-supplementary.csv,,0.50,630295.00,
3041.65,,631532.09,199.50,,Dome C (393-664 kyr BP),University of Bern,grl52461-sup-0003-supplementary.csv,,1.80,632001.00,
3042.01,,632362.71,195.60,,Dome C (393-664 kyr BP),University of Bern,grl52461-sup-0003-supplementary.csv,,1.50,632856.00,
3042.74,,634068.32,192.10,,Dome C (393-664 kyr BP),University of Bern,grl52461-sup-0003-supplementary.csv,,1.60,634592.00,
3043.12,,635002.88,193.90,,Dome C (393-664 kyr BP),University of Bern,grl52461-sup-0003-supplementary.csv,,1.80,635489.00,
3043.74,,636527.71,193.00,,Dome C (393-664 kyr BP),University of Bern,grl52461-sup-0003-supplementary.csv,,0.70,636957.00,
3044.22,,637708.22,194.30,,Dome C (393-664 kyr BP),University of Bern,grl52461-sup-0003-supplementary.csv,,1.90,638127.00,
3044.93,,639424.30,187.70,,Dome C (393-664 kyr BP),University of Bern,grl52461-sup-0003-supplementary.csv,,1.00,639848.00,
3045.32,,640366.21,189.10,,Dome C (393-664 kyr BP),University of Bern,grl52461-sup-0003-supplementary.csv,,0.50,640760.00,
3046.05,,642079.82,190.20,,Dome C (393-664 kyr BP),University of Bern,grl52461-sup-0003-supplementary.csv,,1.00,642405.00,
3046.42,,642851.44,190.40,,Dome C (393-664 kyr BP),University of Bern,grl52461-sup-0003-supplementary.csv,,1.10,643204.00,
3047.12,,644311.25,194.10,,Dome C (393-664 kyr BP),University of Bern,grl52461-sup-0003-supplementary.csv,,1.30,644662.00,
3047.52,,645145.44,194.60,,Dome C (393-664 kyr BP),University of Bern,grl52461-sup-0003-supplementary.csv,,0.90,645470.00,
3048.16,,646372.18,188.60,,Dome C (393-664 kyr BP),University of Bern,grl52461-sup-0003-supplementary.csv,,2.00,646723.00,
3048.62,,647250.08,190.50,,Dome C (393-664 kyr BP),University of Bern,grl52461-sup-0003-supplementary.csv,,1.00,647588.00,
3049.36,,648612.42,192.10,,Dome C (393-664 kyr BP),University of Bern,grl52461-sup-0003-supplementary.csv,,0.70,648946.00,
3049.72,,649187.11,194.80,,Dome C (393-664 kyr BP),University of Bern,grl52461-sup-0003-supplementary.csv,,0.40,649598.00,
3050.45,,650352.45,187.80,,Dome C (393-664 kyr BP),University of Bern,grl52461-sup-0003-supplementary.csv,,1.20,650891.00,
3050.82,,650943.11,192.00,,Dome C (393-664 kyr BP),University of Bern,grl52461-sup-0003-supplementary.csv,,0.70,651556.00,
3051.55,,652112.27,185.80,,Dome C (393-664 kyr BP),University of Bern,grl52461-sup-0003-supplementary.csv,,0.50,652802.00,
3051.92,,652704.95,185.30,,Dome C (393-664 kyr BP),University of Bern,grl52461-sup-0003-supplementary.csv,,1.00,653448.00,
3052.56,,653726.40,191.30,,Dome C (393-664 kyr BP),University of Bern,grl52461-sup-0003-supplementary.csv,,1.80,654473.00,
3053.02,,654434.80,193.20,,Dome C (393-664 kyr BP),University of Bern,grl52461-sup-0003-supplementary.csv,,1.00,655202.00,
3053.73,,655528.20,198.40,,Dome C (393-664 kyr BP),University of Bern,grl52461-sup-0003-supplementary.csv,,0.50,656286.00,
3054.12,,656128.80,198.70,,Dome C (393-664 kyr BP),University of Bern,grl52461-sup-0003-supplementary.csv,,0.70,656882.00,
3054.85,,657184.70,191.30,,Dome C (393-664 kyr BP),University of Bern,grl52461-sup-0003-supplementary.csv,,0.60,657923.00,
3055.22,,657718.39,189.20,,Dome C (393-664 kyr BP),University of Bern,grl52461-sup-0003-supplementary.csv,,0.90,658474.00,
3055.93,,658768.20,182.40,,Dome C (393-664 kyr BP),University of Bern,grl52461-sup-0003-supplementary.csv,,0.30,659524.00,
3056.32,,659407.80,183.90,,Dome C (393-664 kyr BP),University of Bern,grl52461-sup-0003-supplementary.csv,,0.40,660084.00,
3056.96,,660457.40,186.60,,Dome C (393-664 kyr BP),University of Bern,grl52461-sup-0003-supplementary.csv,,1.00,660981.00,
3057.42,,661211.80,189.80,,Dome C (393-664 kyr BP),University of Bern,grl52461-sup-0003-supplementary.csv,,0.80,661650.00,
3058.13,,662285.95,187.80,,Dome C (393-664 kyr BP),University of Bern,grl52461-sup-0003-supplementary.csv,,1.50,662669.00,
3058.52,,662873.78,189.00,,Dome C (393-664 kyr BP),University of Bern,grl52461-sup-0003-supplementary.csv,,1.00,663206.00,
3059.25,,663940.73,189.10,,Dome C (393-664 kyr BP),University of Bern,grl52461-sup-0003-supplementary.csv,,1.20,664192.00,
3059.61,,664403.27,185.80,,Dome C (393-664 kyr BP),University of Bern,grl52461-sup-0003-supplementary.csv,,0.80,664690.00,
,,,,,Dome C (393-664 kyr BP),University of Bern,grl52461-sup-0003-supplementary.csv,,,,
,,,,,Dome C (393-664 kyr BP),University of Bern,grl52461-sup-0003-supplementary.csv,,,,
,,,,,Dome C (393-664 kyr BP),University of Bern,grl52461-sup-0003-supplementary.csv,,,,
,,,,,Dome C (393-664 kyr BP),University of Bern,grl52461-sup-0003-supplementary.csv,,,,
,,,,,Dome C (393-664 kyr BP),University of Bern,grl52461-sup-0003-supplementary.csv,,,,
,,,,,Dome C (393-664 kyr BP),University of Bern,grl52461-sup-0003-supplementary.csv,,,,
,,,,,Dome C (393-664 kyr BP),University of Bern,grl52461-sup-0003-supplementary.csv,,,,
,,,,,Dome C (393-664 kyr BP),University of Bern,grl52461-sup-0003-supplementary.csv,,,,
,,,,,Dome C (393-664 kyr BP),University of Bern,grl52461-sup-0003-supplementary.csv,,,,
,,,,,Dome C (393-664 kyr BP),University of Bern,grl52461-sup-0003-supplementary.csv,,,,
,,,,,Dome C (393-664 kyr BP),University of Bern,grl52461-sup-0003-supplementary.csv,,,,
,,,,,Dome C (393-664 kyr BP),University of Bern,grl52461-sup-0003-supplementary.csv,,,,
,,,,,Dome C (393-664 kyr BP),University of Bern,grl52461-sup-0003-supplementary.csv,,,,
,,,,,Dome C (393-664 kyr BP),University of Bern,grl52461-sup-0003-supplementary.csv,,,,
