Depth (m),"Gasage (EDC3, yr BP)","Gasage (AICC2012, yr BP)",CO2 (ppmv),sigma mean CO2 (ppmv),station,uni,"Gasage (AICC2012, yr BP).1",source file
102.83,137.00,350.11,280.40,1.80,Dome C,University of Bern,,grl52461-sup-0003-supplementary.csv
106.89,268.00,486.69,274.90,0.70,Dome C,University of Bern,,grl52461-sup-0003-supplementary.csv
107.20,279.00,501.20,277.90,0.70,Dome C,University of Bern,,grl52461-sup-0003-supplementary.csv
110.25,395.00,539.65,279.10,1.30,Dome C,University of Bern,,grl52461-sup-0003-supplementary.csv
110.50,404.00,539.89,281.90,1.10,Dome C,University of Bern,,grl52461-sup-0003-supplementary.csv
113.27,485.00,657.69,277.70,0.70,Dome C,University of Bern,,grl52461-sup-0003-supplementary.csv
115.48,559.00,762.16,281.10,1.10,Dome C,University of Bern,,grl52461-sup-0003-supplementary.csv
118.62,672.00,867.61,282.20,0.50,Dome C,University of Bern,,grl52461-sup-0003-supplementary.csv
121.50,754.00,961.07,280.10,0.60,Dome C,University of Bern,,grl52461-sup-0003-supplementary.csv
124.82,877.00,1109.50,278.40,1.50,Dome C,University of Bern,,grl52461-sup-0003-supplementary.csv
127.02,950.00,1168.29,276.60,1.40,Dome C,University of Bern,,grl52461-sup-0003-supplementary.csv
129.75,1060.00,1256.85,279.10,1.00,Dome C,University of Bern,,grl52461-sup-0003-supplementary.csv
132.50,1153.00,1315.27,277.70,1.20,Dome C,University of Bern,,grl52461-sup-0003-supplementary.csv
134.72,1233.00,1387.27,278.70,1.20,Dome C,University of Bern,,grl52461-sup-0003-supplementary.csv
138.02,1350.00,1477.17,277.40,0.80,Dome C,University of Bern,,grl52461-sup-0003-supplementary.csv
141.30,1453.00,1653.13,279.20,0.90,Dome C,University of Bern,,grl52461-sup-0003-supplementary.csv
144.05,1552.00,1729.03,280.00,0.80,Dome C,University of Bern,,grl52461-sup-0003-supplementary.csv
146.27,1638.00,1816.60,278.90,0.80,Dome C,University of Bern,,grl52461-sup-0003-supplementary.csv
149.02,1733.00,1901.97,278.70,0.70,Dome C,University of Bern,,grl52461-sup-0003-supplementary.csv
151.20,1812.00,1999.71,278.00,1.20,Dome C,University of Bern,,grl52461-sup-0003-supplementary.csv
154.50,1931.00,2093.36,276.90,0.70,Dome C,University of Bern,,grl52461-sup-0003-supplementary.csv
157.82,2057.00,2234.24,276.70,0.80,Dome C,University of Bern,,grl52461-sup-0003-supplementary.csv
160.03,2128.00,2265.55,276.70,0.80,Dome C,University of Bern,,grl52461-sup-0003-supplementary.csv
162.17,2212.00,2414.32,277.60,1.30,Dome C,University of Bern,,grl52461-sup-0003-supplementary.csv
165.52,2334.00,2526.12,277.90,0.50,Dome C,University of Bern,,grl52461-sup-0003-supplementary.csv
168.28,2433.00,2628.02,273.90,1.10,Dome C,University of Bern,,grl52461-sup-0003-supplementary.csv
171.00,2536.00,2708.48,278.90,0.60,Dome C,University of Bern,,grl52461-sup-0003-supplementary.csv
173.14,2604.00,2801.76,275.30,1.60,Dome C,University of Bern,,grl52461-sup-0003-supplementary.csv
176.52,2728.00,2904.55,274.70,1.20,Dome C,University of Bern,,grl52461-sup-0003-supplementary.csv
178.72,2806.00,2948.82,276.30,0.90,Dome C,University of Bern,,grl52461-sup-0003-supplementary.csv
181.45,2902.00,3056.60,274.60,0.80,Dome C,University of Bern,,grl52461-sup-0003-supplementary.csv
185.85,3053.00,3255.73,276.30,1.50,Dome C,University of Bern,,grl52461-sup-0003-supplementary.csv
187.52,3116.00,3283.66,273.10,1.10,Dome C,University of Bern,,grl52461-sup-0003-supplementary.csv
189.72,3215.00,3431.12,274.00,0.30,Dome C,University of Bern,,grl52461-sup-0003-supplementary.csv
193.00,3336.00,3528.29,275.00,0.60,Dome C,University of Bern,,grl52461-sup-0003-supplementary.csv
196.30,3453.00,3644.46,273.40,1.30,Dome C,University of Bern,,grl52461-sup-0003-supplementary.csv
198.52,3523.00,3693.41,273.00,0.80,Dome C,University of Bern,,grl52461-sup-0003-supplementary.csv
201.28,3622.00,3806.86,271.50,1.00,Dome C,University of Bern,,grl52461-sup-0003-supplementary.csv
204.00,3721.00,3856.17,275.40,0.50,Dome C,University of Bern,,grl52461-sup-0003-supplementary.csv
206.20,3790.00,3968.95,274.90,1.30,Dome C,University of Bern,,grl52461-sup-0003-supplementary.csv
209.52,3910.00,4108.67,271.70,1.00,Dome C,University of Bern,,grl52461-sup-0003-supplementary.csv
212.27,4004.00,4205.84,271.60,0.70,Dome C,University of Bern,,grl52461-sup-0003-supplementary.csv
215.00,4096.00,4275.08,272.80,0.80,Dome C,University of Bern,,grl52461-sup-0003-supplementary.csv
216.65,4161.00,4342.82,271.50,0.90,Dome C,University of Bern,,grl52461-sup-0003-supplementary.csv
221.05,4324.00,4494.36,271.10,0.80,Dome C,University of Bern,,grl52461-sup-0003-supplementary.csv
222.72,4374.00,4592.82,269.10,0.60,Dome C,University of Bern,,grl52461-sup-0003-supplementary.csv
225.48,4480.00,4647.46,269.80,1.00,Dome C,University of Bern,,grl52461-sup-0003-supplementary.csv
228.20,4573.00,4773.00,271.50,0.80,Dome C,University of Bern,,grl52461-sup-0003-supplementary.csv
232.05,4703.00,4921.20,270.70,0.50,Dome C,University of Bern,,grl52461-sup-0003-supplementary.csv
233.72,4766.00,4981.58,269.30,1.00,Dome C,University of Bern,,grl52461-sup-0003-supplementary.csv
236.47,4874.00,5086.79,268.60,1.10,Dome C,University of Bern,,grl52461-sup-0003-supplementary.csv
240.27,5004.00,5218.57,269.80,1.20,Dome C,University of Bern,,grl52461-sup-0003-supplementary.csv
242.50,5094.00,5311.18,267.60,0.60,Dome C,University of Bern,,grl52461-sup-0003-supplementary.csv
244.72,5160.00,5357.55,265.30,1.70,Dome C,University of Bern,,grl52461-sup-0003-supplementary.csv
248.02,5274.00,5533.29,265.20,0.80,Dome C,University of Bern,,grl52461-sup-0003-supplementary.csv
250.72,5370.00,5581.30,267.60,2.00,Dome C,University of Bern,,grl52461-sup-0003-supplementary.csv
253.50,5476.00,5757.61,265.90,0.90,Dome C,University of Bern,,grl52461-sup-0003-supplementary.csv
256.27,5562.00,5852.26,265.50,0.80,Dome C,University of Bern,,grl52461-sup-0003-supplementary.csv
259.02,5657.00,5934.09,260.70,1.60,Dome C,University of Bern,,grl52461-sup-0003-supplementary.csv
260.65,5716.00,5999.38,266.70,0.90,Dome C,University of Bern,,grl52461-sup-0003-supplementary.csv
264.50,5855.00,6089.81,265.50,0.80,Dome C,University of Bern,,grl52461-sup-0003-supplementary.csv
268.37,5998.00,6301.96,263.20,0.60,Dome C,University of Bern,,grl52461-sup-0003-supplementary.csv
269.42,6039.00,6337.21,262.70,0.90,Dome C,University of Bern,,grl52461-sup-0003-supplementary.csv
272.20,6131.00,6401.24,261.20,0.70,Dome C,University of Bern,,grl52461-sup-0003-supplementary.csv
276.07,6263.00,6572.29,261.10,0.40,Dome C,University of Bern,,grl52461-sup-0003-supplementary.csv
278.27,6354.00,6682.55,259.40,0.60,Dome C,University of Bern,,grl52461-sup-0003-supplementary.csv
280.53,6434.00,6769.65,262.10,0.90,Dome C,University of Bern,,grl52461-sup-0003-supplementary.csv
283.72,6545.00,6880.31,262.90,0.50,Dome C,University of Bern,,grl52461-sup-0003-supplementary.csv
285.97,6617.00,6970.08,258.10,1.40,Dome C,University of Bern,,grl52461-sup-0003-supplementary.csv
288.17,6713.00,7038.27,257.60,0.90,Dome C,University of Bern,,grl52461-sup-0003-supplementary.csv
292.00,6838.00,7188.07,262.30,0.90,Dome C,University of Bern,,grl52461-sup-0003-supplementary.csv
294.75,6941.00,7274.01,263.00,0.70,Dome C,University of Bern,,grl52461-sup-0003-supplementary.csv
297.52,7028.00,7405.32,260.70,0.60,Dome C,University of Bern,,grl52461-sup-0003-supplementary.csv
299.72,7112.00,7497.87,258.40,0.80,Dome C,University of Bern,,grl52461-sup-0003-supplementary.csv
303.00,7234.00,7661.37,260.10,0.60,Dome C,University of Bern,,grl52461-sup-0003-supplementary.csv
305.75,7320.00,7719.59,260.40,0.40,Dome C,University of Bern,,grl52461-sup-0003-supplementary.csv
308.52,7413.00,7860.18,259.70,0.90,Dome C,University of Bern,,grl52461-sup-0003-supplementary.csv
311.26,7507.00,7926.37,259.20,0.70,Dome C,University of Bern,,grl52461-sup-0003-supplementary.csv
314.00,7590.00,7975.85,260.80,1.40,Dome C,University of Bern,,grl52461-sup-0003-supplementary.csv
316.75,7691.00,8116.28,259.60,0.50,Dome C,University of Bern,,grl52461-sup-0003-supplementary.csv
319.52,7781.00,8194.80,259.30,0.90,Dome C,University of Bern,,grl52461-sup-0003-supplementary.csv
322.27,7876.00,8351.88,258.30,1.20,Dome C,University of Bern,,grl52461-sup-0003-supplementary.csv
325.00,7990.00,8459.68,261.30,0.90,Dome C,University of Bern,,grl52461-sup-0003-supplementary.csv
326.55,8050.00,8546.58,260.70,0.40,Dome C,University of Bern,,grl52461-sup-0003-supplementary.csv
330.50,8181.00,8710.68,261.80,1.00,Dome C,University of Bern,,grl52461-sup-0003-supplementary.csv
333.27,8281.00,8781.28,259.00,1.10,Dome C,University of Bern,,grl52461-sup-0003-supplementary.csv
336.02,8387.00,8911.85,260.90,0.70,Dome C,University of Bern,,grl52461-sup-0003-supplementary.csv
338.65,8477.00,8992.99,260.40,0.60,Dome C,University of Bern,,grl52461-sup-0003-supplementary.csv
341.50,8579.00,9060.17,259.30,1.00,Dome C,University of Bern,,grl52461-sup-0003-supplementary.csv
343.72,8653.00,9143.01,262.00,0.80,Dome C,University of Bern,,grl52461-sup-0003-supplementary.csv
347.02,8784.00,9295.31,263.70,1.20,Dome C,University of Bern,,grl52461-sup-0003-supplementary.csv
349.75,8869.00,9361.12,263.80,0.80,Dome C,University of Bern,,grl52461-sup-0003-supplementary.csv
352.58,8973.00,9436.70,265.20,0.90,Dome C,University of Bern,,grl52461-sup-0003-supplementary.csv
355.82,9092.00,9518.06,260.60,1.70,Dome C,University of Bern,,grl52461-sup-0003-supplementary.csv
357.47,9140.00,9524.44,260.90,0.60,Dome C,University of Bern,,grl52461-sup-0003-supplementary.csv
360.20,9232.00,9555.86,263.00,0.40,Dome C,University of Bern,,grl52461-sup-0003-supplementary.csv
362.98,9317.00,9573.27,263.80,1.20,Dome C,University of Bern,,grl52461-sup-0003-supplementary.csv
369.55,9536.00,9901.04,264.40,0.40,Dome C,University of Bern,,grl52461-sup-0003-supplementary.csv
371.23,9597.00,9992.61,264.20,0.90,Dome C,University of Bern,,grl52461-sup-0003-supplementary.csv
375.05,9721.00,10134.50,264.00,0.30,Dome C,University of Bern,,grl52461-sup-0003-supplementary.csv
377.27,9807.00,10192.95,263.40,0.10,Dome C,University of Bern,,grl52461-sup-0003-supplementary.csv
380.00,9909.00,10299.55,265.70,0.50,Dome C,University of Bern,,grl52461-sup-0003-supplementary.csv
382.22,9983.00,10366.56,264.90,0.40,Dome C,University of Bern,,grl52461-sup-0003-supplementary.csv
385.13,10088.00,10505.55,267.50,0.40,Dome C,University of Bern,,grl52461-sup-0003-supplementary.csv
388.23,10209.00,10680.48,266.90,0.60,Dome C,University of Bern,,grl52461-sup-0003-supplementary.csv
390.45,10294.00,10801.81,266.00,1.10,Dome C,University of Bern,,grl52461-sup-0003-supplementary.csv
393.78,10417.00,10835.74,265.10,1.60,Dome C,University of Bern,,grl52461-sup-0003-supplementary.csv
396.50,10527.00,10954.48,267.60,0.70,Dome C,University of Bern,,grl52461-sup-0003-supplementary.csv
399.28,10621.00,11089.62,264.80,0.60,Dome C,University of Bern,,grl52461-sup-0003-supplementary.csv
402.00,10744.00,11161.06,264.80,0.40,Dome C,University of Bern,,grl52461-sup-0003-supplementary.csv
404.19,10805.00,11185.87,265.00,0.80,Dome C,University of Bern,,grl52461-sup-0003-supplementary.csv
404.78,10827.00,11200.58,265.30,0.40,Dome C,University of Bern,,grl52461-sup-0003-supplementary.csv
406.39,10895.00,11256.57,264.40,1.50,Dome C,University of Bern,,grl52461-sup-0003-supplementary.csv
407.50,10933.00,11316.98,264.10,0.70,Dome C,University of Bern,,grl52461-sup-0003-supplementary.csv
409.70,11014.00,11437.70,264.20,1.10,Dome C,University of Bern,,grl52461-sup-0003-supplementary.csv
411.38,11087.00,11515.26,264.50,0.40,Dome C,University of Bern,,grl52461-sup-0003-supplementary.csv
413.03,11136.00,11529.66,264.00,0.50,Dome C,University of Bern,,grl52461-sup-0003-supplementary.csv
414.75,11201.00,11534.10,263.00,1.30,Dome C,University of Bern,,grl52461-sup-0003-supplementary.csv
415.73,11236.00,11537.37,265.20,0.80,Dome C,University of Bern,,grl52461-sup-0003-supplementary.csv
417.07,11278.00,11540.76,258.80,0.70,Dome C,University of Bern,,grl52461-sup-0003-supplementary.csv
418.53,11338.00,11548.38,260.80,0.50,Dome C,University of Bern,,grl52461-sup-0003-supplementary.csv
420.49,11392.00,11612.22,255.40,0.30,Dome C,University of Bern,,grl52461-sup-0003-supplementary.csv
421.80,11436.00,11688.03,253.90,0.60,Dome C,University of Bern,,grl52461-sup-0003-supplementary.csv
422.90,11469.00,11753.75,253.80,0.80,Dome C,University of Bern,,grl52461-sup-0003-supplementary.csv
426.10,11580.00,11940.54,250.70,1.10,Dome C,University of Bern,,grl52461-sup-0003-supplementary.csv
427.33,11635.00,12017.84,249.70,0.40,Dome C,University of Bern,,grl52461-sup-0003-supplementary.csv
428.30,11676.00,12078.12,251.10,0.30,Dome C,University of Bern,,grl52461-sup-0003-supplementary.csv
429.50,11727.00,12154.81,250.70,0.90,Dome C,University of Bern,,grl52461-sup-0003-supplementary.csv
431.73,11819.00,12313.15,245.30,1.10,Dome C,University of Bern,,grl52461-sup-0003-supplementary.csv
433.79,11896.00,12404.35,245.30,0.60,Dome C,University of Bern,,grl52461-sup-0003-supplementary.csv
435.00,11958.00,12442.46,246.60,0.50,Dome C,University of Bern,,grl52461-sup-0003-supplementary.csv
437.23,12050.00,12507.83,243.20,0.40,Dome C,University of Bern,,grl52461-sup-0003-supplementary.csv
438.85,12122.00,12579.48,240.30,0.30,Dome C,University of Bern,,grl52461-sup-0003-supplementary.csv
443.80,12371.00,12822.31,237.50,0.50,Dome C,University of Bern,,grl52461-sup-0003-supplementary.csv
446.03,12496.00,12952.88,237.60,0.60,Dome C,University of Bern,,grl52461-sup-0003-supplementary.csv
448.75,12642.00,13199.16,234.20,0.30,Dome C,University of Bern,,grl52461-sup-0003-supplementary.csv
450.98,12760.00,13436.52,238.30,1.10,Dome C,University of Bern,,grl52461-sup-0003-supplementary.csv
454.25,12942.00,13626.91,237.30,0.50,Dome C,University of Bern,,grl52461-sup-0003-supplementary.csv
457.03,13090.00,13726.49,237.90,0.20,Dome C,University of Bern,,grl52461-sup-0003-supplementary.csv
459.90,13241.00,13912.00,237.60,0.60,Dome C,University of Bern,,grl52461-sup-0003-supplementary.csv
463.63,13440.00,14188.66,236.40,0.90,Dome C,University of Bern,,grl52461-sup-0003-supplementary.csv
465.25,13542.00,14248.77,239.20,0.50,Dome C,University of Bern,,grl52461-sup-0003-supplementary.csv
467.45,13653.00,14262.34,238.60,0.60,Dome C,University of Bern,,grl52461-sup-0003-supplementary.csv
470.20,13804.00,14385.88,238.60,0.30,Dome C,University of Bern,,grl52461-sup-0003-supplementary.csv
473.06,13948.00,14580.80,239.10,0.40,Dome C,University of Bern,,grl52461-sup-0003-supplementary.csv
479.71,14303.00,14811.11,228.50,0.60,Dome C,University of Bern,,grl52461-sup-0003-supplementary.csv
484.10,14550.00,15137.32,228.40,0.70,Dome C,University of Bern,,grl52461-sup-0003-supplementary.csv
487.25,14725.00,15421.77,226.10,0.60,Dome C,University of Bern,,grl52461-sup-0003-supplementary.csv
490.03,14890.00,15657.26,225.20,0.50,Dome C,University of Bern,,grl52461-sup-0003-supplementary.csv
492.20,15012.00,15790.43,224.50,0.60,Dome C,University of Bern,,grl52461-sup-0003-supplementary.csv
496.07,15233.00,15936.96,222.00,0.80,Dome C,University of Bern,,grl52461-sup-0003-supplementary.csv
499.35,15438.00,16063.84,221.00,0.80,Dome C,University of Bern,,grl52461-sup-0003-supplementary.csv
501.58,15570.00,16133.91,220.90,0.50,Dome C,University of Bern,,grl52461-sup-0003-supplementary.csv
504.20,15742.00,16396.39,219.40,0.60,Dome C,University of Bern,,grl52461-sup-0003-supplementary.csv
506.53,15886.00,16723.10,214.00,0.80,Dome C,University of Bern,,grl52461-sup-0003-supplementary.csv
509.25,16073.00,16971.38,207.50,0.90,Dome C,University of Bern,,grl52461-sup-0003-supplementary.csv
512.03,16260.00,17155.36,207.70,0.50,Dome C,University of Bern,,grl52461-sup-0003-supplementary.csv
514.75,16452.00,17288.43,202.90,0.70,Dome C,University of Bern,,grl52461-sup-0003-supplementary.csv
517.53,16659.00,17395.16,200.80,1.00,Dome C,University of Bern,,grl52461-sup-0003-supplementary.csv
520.25,16870.00,17708.47,195.20,0.30,Dome C,University of Bern,,grl52461-sup-0003-supplementary.csv
523.03,17111.00,18212.71,193.90,0.50,Dome C,University of Bern,,grl52461-sup-0003-supplementary.csv
526.30,17375.00,18499.21,191.00,0.50,Dome C,University of Bern,,grl52461-sup-0003-supplementary.csv
528.53,17565.00,18639.53,188.50,0.70,Dome C,University of Bern,,grl52461-sup-0003-supplementary.csv
531.25,17809.00,18908.21,188.50,0.70,Dome C,University of Bern,,grl52461-sup-0003-supplementary.csv
532.93,17943.00,19113.55,189.20,0.40,Dome C,University of Bern,,grl52461-sup-0003-supplementary.csv
536.75,18285.00,19438.10,187.00,0.20,Dome C,University of Bern,,grl52461-sup-0003-supplementary.csv
539.53,18541.00,19605.70,188.60,0.50,Dome C,University of Bern,,grl52461-sup-0003-supplementary.csv
542.90,18828.00,19827.75,189.40,0.40,Dome C,University of Bern,,grl52461-sup-0003-supplementary.csv
543.35,18868.00,19852.45,192.30,0.60,Dome C,University of Bern,,grl52461-sup-0003-supplementary.csv
543.93,18921.00,19884.30,188.30,0.60,Dome C,University of Bern,,grl52461-sup-0003-supplementary.csv
548.85,19347.00,20143.95,188.70,0.20,Dome C,University of Bern,,grl52461-sup-0003-supplementary.csv
550.51,19509.00,20224.51,188.80,0.50,Dome C,University of Bern,,grl52461-sup-0003-supplementary.csv
553.25,19748.00,20484.78,190.00,0.80,Dome C,University of Bern,,grl52461-sup-0003-supplementary.csv
556.03,19988.00,20818.42,188.00,0.90,Dome C,University of Bern,,grl52461-sup-0003-supplementary.csv
557.89,20168.00,21066.11,188.20,0.70,Dome C,University of Bern,,grl52461-sup-0003-supplementary.csv
558.20,20197.00,21110.51,195.00,0.70,Dome C,University of Bern,,grl52461-sup-0003-supplementary.csv
561.53,20502.00,21426.99,187.80,0.40,Dome C,University of Bern,,grl52461-sup-0003-supplementary.csv
564.26,20748.00,21577.91,186.90,0.30,Dome C,University of Bern,,grl52461-sup-0003-supplementary.csv
567.03,21011.00,21718.17,186.50,0.30,Dome C,University of Bern,,grl52461-sup-0003-supplementary.csv
569.75,21257.00,21823.70,184.70,1.20,Dome C,University of Bern,,grl52461-sup-0003-supplementary.csv
572.53,21507.00,21936.79,186.10,0.40,Dome C,University of Bern,,grl52461-sup-0003-supplementary.csv
576.33,21854.00,22133.25,185.70,1.30,Dome C,University of Bern,,grl52461-sup-0003-supplementary.csv
578.11,22015.00,22236.43,184.40,0.80,Dome C,University of Bern,,grl52461-sup-0003-supplementary.csv
149.10,2690.00,,284.70,0,Vostok,LGGE Grenoble,,grl52461-sup-0003-supplementary.csv
173.10,3897.00,,272.70,0,Vostok,LGGE Grenoble,3661.93,grl52461-sup-0003-supplementary.csv
177.40,4124.00,,268.10,0,Vostok,LGGE Grenoble,3746.63,grl52461-sup-0003-supplementary.csv
228.60,6735.00,,262.20,0,Vostok,LGGE Grenoble,6449.18,grl52461-sup-0003-supplementary.csv
250.30,7873.00,,254.50,0,Vostok,LGGE Grenoble,7567.35,grl52461-sup-0003-supplementary.csv
266.00,8670.00,,259.60,0,Vostok,LGGE Grenoble,8167.45,grl52461-sup-0003-supplementary.csv
302.60,10167.00,,261.60,0,Vostok,LGGE Grenoble,10555.89,grl52461-sup-0003-supplementary.csv
321.20,10983.00,,263.70,0,Vostok,LGGE Grenoble,11326.34,grl52461-sup-0003-supplementary.csv
331.60,11422.00,,244.80,0,Vostok,LGGE Grenoble,11960.78,grl52461-sup-0003-supplementary.csv
342.10,11881.00,,238.30,0,Vostok,LGGE Grenoble,12630.15,grl52461-sup-0003-supplementary.csv
365.50,13356.00,,236.20,0,Vostok,LGGE Grenoble,14177.93,grl52461-sup-0003-supplementary.csv
375.60,14010.00,,225.20,0,Vostok,LGGE Grenoble,14984.56,grl52461-sup-0003-supplementary.csv
443.50,20023.00,,182.20,0,Vostok,LGGE Grenoble,20662.23,grl52461-sup-0003-supplementary.csv
470.80,22827.00,,189.20,0,Vostok,LGGE Grenoble,22997.44,grl52461-sup-0003-supplementary.csv
506.40,25994.00,,191.60,0,Vostok,LGGE Grenoble,27490.58,grl52461-sup-0003-supplementary.csv
544.70,29063.00,,188.50,0,Vostok,LGGE Grenoble,30633.42,grl52461-sup-0003-supplementary.csv
554.20,30020.00,,191.70,0,Vostok,LGGE Grenoble,31336.23,grl52461-sup-0003-supplementary.csv
602.30,35009.00,,205.30,0,Vostok,LGGE Grenoble,36036.89,grl52461-sup-0003-supplementary.csv
625.60,37471.00,,209.10,0,Vostok,LGGE Grenoble,38058.50,grl52461-sup-0003-supplementary.csv
700.20,43500.00,,209.10,0,Vostok,LGGE Grenoble,44888.88,grl52461-sup-0003-supplementary.csv
765.00,47336.00,,189.30,0,Vostok,LGGE Grenoble,49242.90,grl52461-sup-0003-supplementary.csv
788.20,48854.00,,188.40,0,Vostok,LGGE Grenoble,50788.82,grl52461-sup-0003-supplementary.csv
800.00,49690.00,,210.10,0,Vostok,LGGE Grenoble,51894.10,grl52461-sup-0003-supplementary.csv
812.20,50663.00,,215.70,0,Vostok,LGGE Grenoble,52841.93,grl52461-sup-0003-supplementary.csv
834.80,52382.00,,190.40,0,Vostok,LGGE Grenoble,53933.34,grl52461-sup-0003-supplementary.csv
902.20,57088.00,,221.70,0,Vostok,LGGE Grenoble,58215.13,grl52461-sup-0003-supplementary.csv
912.00,57657.00,,210.40,0,Vostok,LGGE Grenoble,59477.30,grl52461-sup-0003-supplementary.csv
986.20,62859.00,,195.30,0,Vostok,LGGE Grenoble,65222.91,grl52461-sup-0003-supplementary.csv
1011.30,64939.00,,191.40,0,Vostok,LGGE Grenoble,66826.03,grl52461-sup-0003-supplementary.csv
1023.50,65939.00,,194.90,0,Vostok,LGGE Grenoble,67974.70,grl52461-sup-0003-supplementary.csv
1087.20,71049.00,,227.30,0,Vostok,LGGE Grenoble,72700.34,grl52461-sup-0003-supplementary.csv
1112.50,73227.00,,229.10,0,Vostok,LGGE Grenoble,74350.68,grl52461-sup-0003-supplementary.csv
1162.10,77150.00,,217.10,0,Vostok,LGGE Grenoble,78559.11,grl52461-sup-0003-supplementary.csv
1175.00,78183.00,,221.70,0,Vostok,LGGE Grenoble,79529.65,grl52461-sup-0003-supplementary.csv
1209.90,80614.00,,230.90,0,Vostok,LGGE Grenoble,81582.80,grl52461-sup-0003-supplementary.csv
1237.20,82417.00,,241.10,0,Vostok,LGGE Grenoble,83327.58,grl52461-sup-0003-supplementary.csv
1251.50,83333.00,,236.40,0,Vostok,LGGE Grenoble,84218.33,grl52461-sup-0003-supplementary.csv
1261.20,84016.00,,228.00,0,Vostok,LGGE Grenoble,84521.40,grl52461-sup-0003-supplementary.csv
1274.20,85020.00,,214.20,0,Vostok,LGGE Grenoble,85266.82,grl52461-sup-0003-supplementary.csv
1289.20,86181.00,,217.00,0,Vostok,LGGE Grenoble,86599.30,grl52461-sup-0003-supplementary.csv
1309.20,87917.00,,208.00,0,Vostok,LGGE Grenoble,88092.94,grl52461-sup-0003-supplementary.csv
1338.20,90357.00,,224.20,0,Vostok,LGGE Grenoble,90331.35,grl52461-sup-0003-supplementary.csv
1349.00,91249.00,,228.30,0,Vostok,LGGE Grenoble,91441.70,grl52461-sup-0003-supplementary.csv
1387.20,94353.00,,232.00,0,Vostok,LGGE Grenoble,94216.26,grl52461-sup-0003-supplementary.csv
1451.50,99849.00,,225.80,0,Vostok,LGGE Grenoble,99545.18,grl52461-sup-0003-supplementary.csv
1463.20,100837.00,,230.80,0,Vostok,LGGE Grenoble,100771.80,grl52461-sup-0003-supplementary.csv
1476.10,101749.00,,236.90,0,Vostok,LGGE Grenoble,101336.80,grl52461-sup-0003-supplementary.csv
1505.00,103465.00,,228.10,0,Vostok,LGGE Grenoble,103892.00,grl52461-sup-0003-supplementary.csv
1526.30,104704.00,,236.90,0,Vostok,LGGE Grenoble,105260.20,grl52461-sup-0003-supplementary.csv
1542.10,105636.00,,230.60,0,Vostok,LGGE Grenoble,106419.65,grl52461-sup-0003-supplementary.csv
1575.20,107579.00,,238.20,0,Vostok,LGGE Grenoble,109117.80,grl52461-sup-0003-supplementary.csv
1582.80,108153.00,,245.60,0,Vostok,LGGE Grenoble,109766.40,grl52461-sup-0003-supplementary.csv
1598.00,109804.00,,251.20,0,Vostok,LGGE Grenoble,111501.00,grl52461-sup-0003-supplementary.csv
1615.00,111862.00,,256.70,0,Vostok,LGGE Grenoble,113309.00,grl52461-sup-0003-supplementary.csv
1627.90,113262.00,,266.30,0,Vostok,LGGE Grenoble,114437.25,grl52461-sup-0003-supplementary.csv
1637.60,114096.00,,261.40,0,Vostok,LGGE Grenoble,115269.20,grl52461-sup-0003-supplementary.csv
1644.00,114601.00,,274.50,0,Vostok,LGGE Grenoble,115664.00,grl52461-sup-0003-supplementary.csv
1651.00,115118.00,,273.20,0,Vostok,LGGE Grenoble,116071.00,grl52461-sup-0003-supplementary.csv
1669.20,116501.00,,262.50,0,Vostok,LGGE Grenoble,117287.40,grl52461-sup-0003-supplementary.csv
1687.20,117750.00,,267.60,0,Vostok,LGGE Grenoble,118266.00,grl52461-sup-0003-supplementary.csv
1700.90,118649.00,,273.70,0,Vostok,LGGE Grenoble,118967.75,grl52461-sup-0003-supplementary.csv
1716.00,119672.00,,271.90,0,Vostok,LGGE Grenoble,119923.00,grl52461-sup-0003-supplementary.csv
1726.80,120382.00,,265.20,0,Vostok,LGGE Grenoble,120584.60,grl52461-sup-0003-supplementary.csv
1736.80,121017.00,,277.60,0,Vostok,LGGE Grenoble,121172.60,grl52461-sup-0003-supplementary.csv
1758.20,122344.00,,272.10,0,Vostok,LGGE Grenoble,122447.20,grl52461-sup-0003-supplementary.csv
1770.00,123070.00,,276.40,0,Vostok,LGGE Grenoble,123087.00,grl52461-sup-0003-supplementary.csv
1789.20,124213.00,,268.70,0,Vostok,LGGE Grenoble,124161.20,grl52461-sup-0003-supplementary.csv
1790.00,124257.00,,266.60,0,Vostok,LGGE Grenoble,124206.00,grl52461-sup-0003-supplementary.csv
1799.00,124789.00,,266.30,0,Vostok,LGGE Grenoble,124716.00,grl52461-sup-0003-supplementary.csv
1804.00,125081.00,,279.70,0,Vostok,LGGE Grenoble,125006.00,grl52461-sup-0003-supplementary.csv
1807.00,125262.00,,273.00,0,Vostok,LGGE Grenoble,125194.00,grl52461-sup-0003-supplementary.csv
1810.00,125434.00,,277.10,0,Vostok,LGGE Grenoble,125381.00,grl52461-sup-0003-supplementary.csv
1825.70,126347.00,,273.70,0,Vostok,LGGE Grenoble,126023.15,grl52461-sup-0003-supplementary.csv
1830.00,126598.00,,267.10,0,Vostok,LGGE Grenoble,126110.00,grl52461-sup-0003-supplementary.csv
1836.00,126886.00,,262.50,0,Vostok,LGGE Grenoble,126451.00,grl52461-sup-0003-supplementary.csv
1841.60,127132.00,,262.60,0,Vostok,LGGE Grenoble,126990.80,grl52461-sup-0003-supplementary.csv
1852.40,127622.00,,275.30,0,Vostok,LGGE Grenoble,127575.00,grl52461-sup-0003-supplementary.csv
1859.00,127907.00,,275.60,0,Vostok,LGGE Grenoble,127834.00,grl52461-sup-0003-supplementary.csv
1869.30,128344.00,,274.00,0,Vostok,LGGE Grenoble,128329.95,grl52461-sup-0003-supplementary.csv
1870.00,128372.00,,287.10,0,Vostok,LGGE Grenoble,128380.00,grl52461-sup-0003-supplementary.csv
1875.90,128609.00,,286.80,0,Vostok,LGGE Grenoble,128818.25,grl52461-sup-0003-supplementary.csv
1882.50,128866.00,,282.60,0,Vostok,LGGE Grenoble,129224.00,grl52461-sup-0003-supplementary.csv
1890.00,129146.00,,264.10,0,Vostok,LGGE Grenoble,129522.00,grl52461-sup-0003-supplementary.csv
1895.00,129340.00,,263.40,0,Vostok,LGGE Grenoble,129872.50,grl52461-sup-0003-supplementary.csv
1902.00,129652.00,,257.90,0,Vostok,LGGE Grenoble,130360.00,grl52461-sup-0003-supplementary.csv
1903.50,129736.00,,259.00,0,Vostok,LGGE Grenoble,130464.25,grl52461-sup-0003-supplementary.csv
1930.00,131329.00,,245.00,0,Vostok,LGGE Grenoble,132498.00,grl52461-sup-0003-supplementary.csv
1932.00,131455.00,,240.40,0,Vostok,LGGE Grenoble,132673.00,grl52461-sup-0003-supplementary.csv
1936.00,131728.00,,228.90,0,Vostok,LGGE Grenoble,133017.00,grl52461-sup-0003-supplementary.csv
1947.00,132492.00,,223.50,0,Vostok,LGGE Grenoble,134110.00,grl52461-sup-0003-supplementary.csv
1954.50,133069.00,,223.90,0,Vostok,LGGE Grenoble,134911.25,grl52461-sup-0003-supplementary.csv
1955.00,133105.00,,220.30,0,Vostok,LGGE Grenoble,134959.50,grl52461-sup-0003-supplementary.csv
1960.00,133427.00,,210.60,0,Vostok,LGGE Grenoble,135571.00,grl52461-sup-0003-supplementary.csv
1969.80,134123.00,,208.90,0,Vostok,LGGE Grenoble,136756.70,grl52461-sup-0003-supplementary.csv
1972.00,134287.00,,203.70,0,Vostok,LGGE Grenoble,136986.00,grl52461-sup-0003-supplementary.csv
1980.20,134960.00,,204.50,0,Vostok,LGGE Grenoble,137833.40,grl52461-sup-0003-supplementary.csv
1982.00,135114.00,,200.40,0,Vostok,LGGE Grenoble,137981.00,grl52461-sup-0003-supplementary.csv
1983.00,135207.00,,198.00,0,Vostok,LGGE Grenoble,138005.50,grl52461-sup-0003-supplementary.csv
1987.40,135603.00,,198.00,0,Vostok,LGGE Grenoble,138110.80,grl52461-sup-0003-supplementary.csv
1990.60,135883.00,,201.70,0,Vostok,LGGE Grenoble,138191.50,grl52461-sup-0003-supplementary.csv
1992.00,136011.00,,200.70,0,Vostok,LGGE Grenoble,138251.00,grl52461-sup-0003-supplementary.csv
1994.60,136251.00,,202.40,0,Vostok,LGGE Grenoble,138547.30,grl52461-sup-0003-supplementary.csv
1998.00,136567.00,,195.80,0,Vostok,LGGE Grenoble,138925.00,grl52461-sup-0003-supplementary.csv
1999.00,136655.00,,201.10,0,Vostok,LGGE Grenoble,139040.50,grl52461-sup-0003-supplementary.csv
2005.80,137293.00,,194.30,0,Vostok,LGGE Grenoble,139828.70,grl52461-sup-0003-supplementary.csv
2009.50,137633.00,,193.40,0,Vostok,LGGE Grenoble,140281.25,grl52461-sup-0003-supplementary.csv
2013.00,137982.00,,194.20,0,Vostok,LGGE Grenoble,140836.00,grl52461-sup-0003-supplementary.csv
2015.00,138185.00,,190.20,0,Vostok,LGGE Grenoble,141152.50,grl52461-sup-0003-supplementary.csv
2025.70,139275.00,,192.30,0,Vostok,LGGE Grenoble,142315.05,grl52461-sup-0003-supplementary.csv
2029.00,139617.00,,196.50,0,Vostok,LGGE Grenoble,142658.00,grl52461-sup-0003-supplementary.csv
2041.00,140899.00,,195.60,0,Vostok,LGGE Grenoble,143937.00,grl52461-sup-0003-supplementary.csv
2041.50,140960.00,,196.40,0,Vostok,LGGE Grenoble,143992.50,grl52461-sup-0003-supplementary.csv
2050.30,142058.00,,190.40,0,Vostok,LGGE Grenoble,145021.20,grl52461-sup-0003-supplementary.csv
2077.50,145363.00,,196.90,0,Vostok,LGGE Grenoble,148447.50,grl52461-sup-0003-supplementary.csv
2107.05,148831.00,,203.00,0,Vostok,LGGE Grenoble,152458.80,grl52461-sup-0003-supplementary.csv
2116.00,149803.00,,191.90,0,Vostok,LGGE Grenoble,153453.00,grl52461-sup-0003-supplementary.csv
2117.00,149921.00,,188.90,0,Vostok,LGGE Grenoble,153570.00,grl52461-sup-0003-supplementary.csv
2131.10,151423.00,,200.60,0,Vostok,LGGE Grenoble,155261.30,grl52461-sup-0003-supplementary.csv
2157.00,154480.00,,189.00,0,Vostok,LGGE Grenoble,158666.00,grl52461-sup-0003-supplementary.csv
2164.00,155395.00,,185.50,0,Vostok,LGGE Grenoble,159716.00,grl52461-sup-0003-supplementary.csv
2167.20,155813.00,,187.50,0,Vostok,LGGE Grenoble,160155.00,grl52461-sup-0003-supplementary.csv
2203.00,159562.00,,204.30,0,Vostok,LGGE Grenoble,163858.00,grl52461-sup-0003-supplementary.csv
2207.30,159943.00,,196.50,0,Vostok,LGGE Grenoble,164334.65,grl52461-sup-0003-supplementary.csv
2225.00,161679.00,,191.60,0,Vostok,LGGE Grenoble,166143.00,grl52461-sup-0003-supplementary.csv
2231.05,162228.00,,190.10,0,Vostok,LGGE Grenoble,166784.00,grl52461-sup-0003-supplementary.csv
2240.15,163024.00,,186.70,0,Vostok,LGGE Grenoble,167914.10,grl52461-sup-0003-supplementary.csv
2247.00,163698.00,,183.80,0,Vostok,LGGE Grenoble,168745.50,grl52461-sup-0003-supplementary.csv
2254.05,164439.00,,196.60,0,Vostok,LGGE Grenoble,169514.40,grl52461-sup-0003-supplementary.csv
2280.00,167183.00,,197.80,0,Vostok,LGGE Grenoble,171939.00,grl52461-sup-0003-supplementary.csv
2302.00,169492.00,,197.70,0,Vostok,LGGE Grenoble,174442.00,grl52461-sup-0003-supplementary.csv
2316.05,171351.00,,196.00,0,Vostok,LGGE Grenoble,175833.35,grl52461-sup-0003-supplementary.csv
2325.00,172434.00,,190.30,0,Vostok,LGGE Grenoble,176853.00,grl52461-sup-0003-supplementary.csv
2331.05,173135.00,,189.40,0,Vostok,LGGE Grenoble,177533.93,grl52461-sup-0003-supplementary.csv
2333.00,173394.00,,190.10,0,Vostok,LGGE Grenoble,177729.50,grl52461-sup-0003-supplementary.csv
2348.00,175306.00,,207.70,0,Vostok,LGGE Grenoble,179873.00,grl52461-sup-0003-supplementary.csv
2363.00,177139.00,,213.20,0,Vostok,LGGE Grenoble,181302.00,grl52461-sup-0003-supplementary.csv
2372.00,178179.00,,217.70,0,Vostok,LGGE Grenoble,182196.00,grl52461-sup-0003-supplementary.csv
2379.20,179117.00,,198.10,0,Vostok,LGGE Grenoble,183258.00,grl52461-sup-0003-supplementary.csv
2386.00,180068.00,,199.70,0,Vostok,LGGE Grenoble,184371.00,grl52461-sup-0003-supplementary.csv
2399.00,182046.00,,203.40,0,Vostok,LGGE Grenoble,186411.00,grl52461-sup-0003-supplementary.csv
2414.00,184685.00,,210.70,0,Vostok,LGGE Grenoble,188437.00,grl52461-sup-0003-supplementary.csv
2425.00,186697.00,,231.30,0,Vostok,LGGE Grenoble,189806.50,grl52461-sup-0003-supplementary.csv
2437.00,188436.00,,231.40,0,Vostok,LGGE Grenoble,191254.50,grl52461-sup-0003-supplementary.csv
2442.05,189076.00,,220.30,0,Vostok,LGGE Grenoble,191964.08,grl52461-sup-0003-supplementary.csv
2451.00,190352.00,,218.00,0,Vostok,LGGE Grenoble,193074.50,grl52461-sup-0003-supplementary.csv
2470.30,192910.00,,226.50,0,Vostok,LGGE Grenoble,195126.50,grl52461-sup-0003-supplementary.csv
2475.00,193481.00,,220.00,0,Vostok,LGGE Grenoble,195799.50,grl52461-sup-0003-supplementary.csv
2488.05,195017.00,,226.40,0,Vostok,LGGE Grenoble,197587.35,grl52461-sup-0003-supplementary.csv
2494.10,195673.00,,241.20,0,Vostok,LGGE Grenoble,198327.45,grl52461-sup-0003-supplementary.csv
2499.00,196179.00,,242.60,0,Vostok,LGGE Grenoble,198938.00,grl52461-sup-0003-supplementary.csv
2525.00,198972.00,,250.90,0,Vostok,LGGE Grenoble,201752.00,grl52461-sup-0003-supplementary.csv
2533.00,199918.00,,239.10,0,Vostok,LGGE Grenoble,202744.50,grl52461-sup-0003-supplementary.csv
2543.00,201163.00,,247.60,0,Vostok,LGGE Grenoble,203842.00,grl52461-sup-0003-supplementary.csv
2552.01,202413.00,,244.40,0,Vostok,LGGE Grenoble,205203.28,grl52461-sup-0003-supplementary.csv
2554.91,202874.00,,231.90,0,Vostok,LGGE Grenoble,205575.76,grl52461-sup-0003-supplementary.csv
2557.71,203317.00,,232.20,0,Vostok,LGGE Grenoble,205944.58,grl52461-sup-0003-supplementary.csv
2560.91,203837.00,,228.60,0,Vostok,LGGE Grenoble,206359.94,grl52461-sup-0003-supplementary.csv
2564.91,204480.00,,226.30,0,Vostok,LGGE Grenoble,206896.85,grl52461-sup-0003-supplementary.csv
2567.51,204908.00,,229.40,0,Vostok,LGGE Grenoble,207240.30,grl52461-sup-0003-supplementary.csv
2570.41,205362.00,,231.40,0,Vostok,LGGE Grenoble,207622.89,grl52461-sup-0003-supplementary.csv
2574.21,205952.00,,238.10,0,Vostok,LGGE Grenoble,208108.78,grl52461-sup-0003-supplementary.csv
2575.51,206144.00,,237.20,0,Vostok,LGGE Grenoble,208274.53,grl52461-sup-0003-supplementary.csv
2579.91,206810.00,,230.00,0,Vostok,LGGE Grenoble,208821.57,grl52461-sup-0003-supplementary.csv
2581.91,207120.00,,240.50,0,Vostok,LGGE Grenoble,209082.26,grl52461-sup-0003-supplementary.csv
2584.71,207544.00,,242.20,0,Vostok,LGGE Grenoble,209445.04,grl52461-sup-0003-supplementary.csv
2588.81,208064.00,,244.60,0,Vostok,LGGE Grenoble,209966.09,grl52461-sup-0003-supplementary.csv
2590.41,208254.00,,243.90,0,Vostok,LGGE Grenoble,210175.17,grl52461-sup-0003-supplementary.csv
2595.11,208803.00,,247.20,0,Vostok,LGGE Grenoble,210832.07,grl52461-sup-0003-supplementary.csv
2596.71,208995.00,,252.00,0,Vostok,LGGE Grenoble,211058.47,grl52461-sup-0003-supplementary.csv
2600.41,209432.00,,246.90,0,Vostok,LGGE Grenoble,211577.84,grl52461-sup-0003-supplementary.csv
2603.71,209817.00,,239.50,0,Vostok,LGGE Grenoble,212078.75,grl52461-sup-0003-supplementary.csv
2606.61,210154.00,,257.40,0,Vostok,LGGE Grenoble,212533.08,grl52461-sup-0003-supplementary.csv
2612.51,210813.00,,243.40,0,Vostok,LGGE Grenoble,213330.35,grl52461-sup-0003-supplementary.csv
2621.71,211858.00,,251.20,0,Vostok,LGGE Grenoble,214158.81,grl52461-sup-0003-supplementary.csv
2629.41,212716.00,,241.40,0,Vostok,LGGE Grenoble,215080.75,grl52461-sup-0003-supplementary.csv
2634.41,213270.00,,240.30,0,Vostok,LGGE Grenoble,215912.34,grl52461-sup-0003-supplementary.csv
2636.71,213536.00,,242.60,0,Vostok,LGGE Grenoble,216306.15,grl52461-sup-0003-supplementary.csv
2640.41,213984.00,,247.50,0,Vostok,LGGE Grenoble,216864.97,grl52461-sup-0003-supplementary.csv
2644.41,214459.00,,251.70,0,Vostok,LGGE Grenoble,217415.64,grl52461-sup-0003-supplementary.csv
2646.61,214794.00,,251.10,0,Vostok,LGGE Grenoble,217694.96,grl52461-sup-0003-supplementary.csv
2650.41,215382.00,,245.30,0,Vostok,LGGE Grenoble,218200.79,grl52461-sup-0003-supplementary.csv
2656.21,216352.00,,240.50,0,Vostok,LGGE Grenoble,219067.61,grl52461-sup-0003-supplementary.csv
2666.71,218361.00,,214.10,0,Vostok,LGGE Grenoble,220935.62,grl52461-sup-0003-supplementary.csv
2670.41,219116.00,,216.10,0,Vostok,LGGE Grenoble,221697.46,grl52461-sup-0003-supplementary.csv
2674.61,220058.00,,207.10,0,Vostok,LGGE Grenoble,222539.58,grl52461-sup-0003-supplementary.csv
2677.41,220739.00,,208.80,0,Vostok,LGGE Grenoble,223129.04,grl52461-sup-0003-supplementary.csv
2682.61,222030.00,,205.60,0,Vostok,LGGE Grenoble,224271.51,grl52461-sup-0003-supplementary.csv
2691.01,224269.00,,203.30,0,Vostok,LGGE Grenoble,226259.83,grl52461-sup-0003-supplementary.csv
2693.61,224923.00,,215.70,0,Vostok,LGGE Grenoble,226849.84,grl52461-sup-0003-supplementary.csv
2698.01,225909.00,,235.50,0,Vostok,LGGE Grenoble,227719.98,grl52461-sup-0003-supplementary.csv
2701.41,226711.00,,234.50,0,Vostok,LGGE Grenoble,228439.42,grl52461-sup-0003-supplementary.csv
2702.71,227027.00,,233.10,0,Vostok,LGGE Grenoble,228766.99,grl52461-sup-0003-supplementary.csv
2705.61,227776.00,,224.50,0,Vostok,LGGE Grenoble,229572.05,grl52461-sup-0003-supplementary.csv
2711.71,229423.00,,232.40,0,Vostok,LGGE Grenoble,231129.66,grl52461-sup-0003-supplementary.csv
2715.41,230422.00,,233.90,0,Vostok,LGGE Grenoble,232191.77,grl52461-sup-0003-supplementary.csv
2717.71,231066.00,,241.60,0,Vostok,LGGE Grenoble,232856.06,grl52461-sup-0003-supplementary.csv
2732.71,234817.00,,245.20,0,Vostok,LGGE Grenoble,235990.86,grl52461-sup-0003-supplementary.csv
2735.71,235480.00,,252.10,0,Vostok,LGGE Grenoble,236426.01,grl52461-sup-0003-supplementary.csv
2738.71,236114.00,,241.40,0,Vostok,LGGE Grenoble,236850.80,grl52461-sup-0003-supplementary.csv
2741.71,236734.00,,247.40,0,Vostok,LGGE Grenoble,237391.66,grl52461-sup-0003-supplementary.csv
2744.61,237294.00,,243.10,0,Vostok,LGGE Grenoble,237905.53,grl52461-sup-0003-supplementary.csv
2747.61,237868.00,,239.10,0,Vostok,LGGE Grenoble,238425.34,grl52461-sup-0003-supplementary.csv
2751.11,238558.00,,245.60,0,Vostok,LGGE Grenoble,239008.26,grl52461-sup-0003-supplementary.csv
2753.61,239013.00,,245.80,0,Vostok,LGGE Grenoble,239387.04,grl52461-sup-0003-supplementary.csv
2756.21,239477.00,,247.40,0,Vostok,LGGE Grenoble,239738.66,grl52461-sup-0003-supplementary.csv
2759.11,239973.00,,252.80,0,Vostok,LGGE Grenoble,240190.37,grl52461-sup-0003-supplementary.csv
2765.21,240945.00,,259.70,0,Vostok,LGGE Grenoble,241333.05,grl52461-sup-0003-supplementary.csv
2768.20,241366.00,,263.20,0,Vostok,LGGE Grenoble,241855.40,grl52461-sup-0003-supplementary.csv
2773.51,242007.00,,279.00,0,Vostok,LGGE Grenoble,242685.46,grl52461-sup-0003-supplementary.csv
2776.51,242346.00,,280.20,0,Vostok,LGGE Grenoble,243138.52,grl52461-sup-0003-supplementary.csv
2782.71,243071.00,,263.70,0,Vostok,LGGE Grenoble,244121.77,grl52461-sup-0003-supplementary.csv
2785.51,243429.00,,252.30,0,Vostok,LGGE Grenoble,244582.34,grl52461-sup-0003-supplementary.csv
2788.51,243856.00,,249.90,0,Vostok,LGGE Grenoble,245057.01,grl52461-sup-0003-supplementary.csv
2791.50,244347.00,,236.70,0,Vostok,LGGE Grenoble,245564.00,grl52461-sup-0003-supplementary.csv
2794.51,244864.00,,230.40,0,Vostok,LGGE Grenoble,246188.81,grl52461-sup-0003-supplementary.csv
2797.51,245441.00,,219.40,0,Vostok,LGGE Grenoble,246870.49,grl52461-sup-0003-supplementary.csv
2806.51,247681.00,,214.70,0,Vostok,LGGE Grenoble,249099.87,grl52461-sup-0003-supplementary.csv
2815.61,250133.00,,200.20,0,Vostok,LGGE Grenoble,251390.57,grl52461-sup-0003-supplementary.csv
2818.61,251005.00,,213.90,0,Vostok,LGGE Grenoble,252132.26,grl52461-sup-0003-supplementary.csv
2821.51,251864.00,,195.40,0,Vostok,LGGE Grenoble,252953.72,grl52461-sup-0003-supplementary.csv
2824.51,252739.00,,196.70,0,Vostok,LGGE Grenoble,253756.68,grl52461-sup-0003-supplementary.csv
2827.51,253636.00,,195.40,0,Vostok,LGGE Grenoble,254587.11,grl52461-sup-0003-supplementary.csv
2833.81,255498.00,,199.00,0,Vostok,LGGE Grenoble,256298.66,grl52461-sup-0003-supplementary.csv
2836.51,256309.00,,201.90,0,Vostok,LGGE Grenoble,257060.59,grl52461-sup-0003-supplementary.csv
2839.51,257100.00,,204.00,0,Vostok,LGGE Grenoble,257908.07,grl52461-sup-0003-supplementary.csv
2845.51,258661.00,,203.90,0,Vostok,LGGE Grenoble,259396.90,grl52461-sup-0003-supplementary.csv
2851.51,260353.00,,209.60,0,Vostok,LGGE Grenoble,260894.24,grl52461-sup-0003-supplementary.csv
2853.51,260916.00,,205.70,0,Vostok,LGGE Grenoble,261293.92,grl52461-sup-0003-supplementary.csv
2857.51,262092.00,,208.90,0,Vostok,LGGE Grenoble,262054.58,grl52461-sup-0003-supplementary.csv
2860.51,262930.00,,214.60,0,Vostok,LGGE Grenoble,262817.10,grl52461-sup-0003-supplementary.csv
2866.51,264509.00,,228.10,0,Vostok,LGGE Grenoble,264583.76,grl52461-sup-0003-supplementary.csv
2870.51,265653.00,,199.90,0,Vostok,LGGE Grenoble,266134.45,grl52461-sup-0003-supplementary.csv
2872.71,266326.00,,211.70,0,Vostok,LGGE Grenoble,267007.00,grl52461-sup-0003-supplementary.csv
2876.21,267442.00,,188.70,0,Vostok,LGGE Grenoble,268257.83,grl52461-sup-0003-supplementary.csv
2878.50,268181.00,,187.20,0,Vostok,LGGE Grenoble,268995.50,grl52461-sup-0003-supplementary.csv
2881.42,269154.00,,194.20,0,Vostok,LGGE Grenoble,269940.47,grl52461-sup-0003-supplementary.csv
2884.51,270222.00,,198.80,0,Vostok,LGGE Grenoble,271036.04,grl52461-sup-0003-supplementary.csv
2887.51,271256.00,,184.70,0,Vostok,LGGE Grenoble,272149.64,grl52461-sup-0003-supplementary.csv
2890.51,272311.00,,190.40,0,Vostok,LGGE Grenoble,273165.83,grl52461-sup-0003-supplementary.csv
2893.51,273310.00,,193.90,0,Vostok,LGGE Grenoble,274164.08,grl52461-sup-0003-supplementary.csv
2896.51,274321.00,,194.10,0,Vostok,LGGE Grenoble,275154.64,grl52461-sup-0003-supplementary.csv
2899.51,275350.00,,198.40,0,Vostok,LGGE Grenoble,276257.72,grl52461-sup-0003-supplementary.csv
2902.51,276326.00,,193.20,0,Vostok,LGGE Grenoble,277443.00,grl52461-sup-0003-supplementary.csv
2905.51,277361.00,,202.20,0,Vostok,LGGE Grenoble,278590.91,grl52461-sup-0003-supplementary.csv
2908.51,278350.00,,204.50,0,Vostok,LGGE Grenoble,279619.05,grl52461-sup-0003-supplementary.csv
2911.46,279320.00,,211.00,0,Vostok,LGGE Grenoble,280558.95,grl52461-sup-0003-supplementary.csv
2914.51,280269.00,,215.30,0,Vostok,LGGE Grenoble,281400.74,grl52461-sup-0003-supplementary.csv
2919.41,281758.00,,223.70,0,Vostok,LGGE Grenoble,282592.89,grl52461-sup-0003-supplementary.csv
2926.51,283785.00,,231.30,0,Vostok,LGGE Grenoble,284434.68,grl52461-sup-0003-supplementary.csv
2932.51,285380.00,,228.00,0,Vostok,LGGE Grenoble,285931.32,grl52461-sup-0003-supplementary.csv
2935.51,286128.00,,226.40,0,Vostok,LGGE Grenoble,286609.96,grl52461-sup-0003-supplementary.csv
2939.31,287036.00,,231.40,0,Vostok,LGGE Grenoble,287443.86,grl52461-sup-0003-supplementary.csv
2941.51,287538.00,,230.40,0,Vostok,LGGE Grenoble,287820.05,grl52461-sup-0003-supplementary.csv
2944.51,288233.00,,231.00,0,Vostok,LGGE Grenoble,288286.43,grl52461-sup-0003-supplementary.csv
2953.50,290153.00,,234.90,0,Vostok,LGGE Grenoble,290184.50,grl52461-sup-0003-supplementary.csv
2956.51,290730.00,,220.40,0,Vostok,LGGE Grenoble,290863.79,grl52461-sup-0003-supplementary.csv
2959.51,291367.00,,217.10,0,Vostok,LGGE Grenoble,291562.87,grl52461-sup-0003-supplementary.csv
2964.51,292405.00,,207.60,0,Vostok,LGGE Grenoble,292818.31,grl52461-sup-0003-supplementary.csv
2967.51,293057.00,,206.00,0,Vostok,LGGE Grenoble,293650.74,grl52461-sup-0003-supplementary.csv
2970.51,293779.00,,206.70,0,Vostok,LGGE Grenoble,294455.29,grl52461-sup-0003-supplementary.csv
2973.81,294568.00,,212.70,0,Vostok,LGGE Grenoble,295364.23,grl52461-sup-0003-supplementary.csv
2979.51,295930.00,,213.10,0,Vostok,LGGE Grenoble,296828.87,grl52461-sup-0003-supplementary.csv
2986.01,297921.00,,217.10,0,Vostok,LGGE Grenoble,298704.62,grl52461-sup-0003-supplementary.csv
2988.61,298741.00,,224.40,0,Vostok,LGGE Grenoble,299376.28,grl52461-sup-0003-supplementary.csv
2991.51,299621.00,,231.00,0,Vostok,LGGE Grenoble,300115.87,grl52461-sup-0003-supplementary.csv
2994.51,300472.00,,236.10,0,Vostok,LGGE Grenoble,301025.62,grl52461-sup-0003-supplementary.csv
2997.51,301402.00,,239.00,0,Vostok,LGGE Grenoble,302084.19,grl52461-sup-0003-supplementary.csv
3000.40,302280.00,,236.00,0,Vostok,LGGE Grenoble,303116.00,grl52461-sup-0003-supplementary.csv
3003.51,303226.00,,240.20,0,Vostok,LGGE Grenoble,304100.92,grl52461-sup-0003-supplementary.csv
3007.01,304232.00,,240.70,0,Vostok,LGGE Grenoble,305099.81,grl52461-sup-0003-supplementary.csv
3009.51,304901.00,,250.20,0,Vostok,LGGE Grenoble,305778.15,grl52461-sup-0003-supplementary.csv
3012.51,305655.00,,248.60,0,Vostok,LGGE Grenoble,306581.12,grl52461-sup-0003-supplementary.csv
3015.51,306547.00,,244.80,0,Vostok,LGGE Grenoble,307463.27,grl52461-sup-0003-supplementary.csv
3018.51,307495.00,,225.80,0,Vostok,LGGE Grenoble,308325.70,grl52461-sup-0003-supplementary.csv
3022.71,308744.00,,227.80,0,Vostok,LGGE Grenoble,309423.73,grl52461-sup-0003-supplementary.csv
3024.91,309389.00,,226.20,0,Vostok,LGGE Grenoble,310010.98,grl52461-sup-0003-supplementary.csv
3027.51,310168.00,,233.20,0,Vostok,LGGE Grenoble,310776.10,grl52461-sup-0003-supplementary.csv
3030.41,311013.00,,237.80,0,Vostok,LGGE Grenoble,311670.03,grl52461-sup-0003-supplementary.csv
3033.51,311868.00,,239.00,0,Vostok,LGGE Grenoble,312593.43,grl52461-sup-0003-supplementary.csv
3036.51,312676.00,,241.90,0,Vostok,LGGE Grenoble,313343.13,grl52461-sup-0003-supplementary.csv
3039.51,313414.00,,251.60,0,Vostok,LGGE Grenoble,314051.85,grl52461-sup-0003-supplementary.csv
3042.51,314144.00,,256.70,0,Vostok,LGGE Grenoble,314836.21,grl52461-sup-0003-supplementary.csv
3045.51,314867.00,,257.10,0,Vostok,LGGE Grenoble,315657.52,grl52461-sup-0003-supplementary.csv
3048.56,315572.00,,246.80,0,Vostok,LGGE Grenoble,316450.72,grl52461-sup-0003-supplementary.csv
3051.51,316200.00,,272.60,0,Vostok,LGGE Grenoble,317149.87,grl52461-sup-0003-supplementary.csv
3054.51,316897.00,,251.60,0,Vostok,LGGE Grenoble,317932.55,grl52461-sup-0003-supplementary.csv
3057.71,317734.00,,245.20,0,Vostok,LGGE Grenoble,318852.60,grl52461-sup-0003-supplementary.csv
3060.51,318559.00,,233.40,0,Vostok,LGGE Grenoble,319829.66,grl52461-sup-0003-supplementary.csv
3063.51,319480.00,,255.80,0,Vostok,LGGE Grenoble,320916.34,grl52461-sup-0003-supplementary.csv
3066.51,320358.00,,249.20,0,Vostok,LGGE Grenoble,321817.45,grl52461-sup-0003-supplementary.csv
3072.51,322015.00,,257.20,0,Vostok,LGGE Grenoble,323383.35,grl52461-sup-0003-supplementary.csv
3075.41,322767.00,,260.40,0,Vostok,LGGE Grenoble,324166.92,grl52461-sup-0003-supplementary.csv
3078.51,323526.00,,260.30,0,Vostok,LGGE Grenoble,325007.41,grl52461-sup-0003-supplementary.csv
3081.60,324280.00,,260.50,0,Vostok,LGGE Grenoble,325823.00,grl52461-sup-0003-supplementary.csv
3084.51,324971.00,,266.20,0,Vostok,LGGE Grenoble,326591.09,grl52461-sup-0003-supplementary.csv
3087.81,325720.00,,264.00,0,Vostok,LGGE Grenoble,327435.84,grl52461-sup-0003-supplementary.csv
3090.51,326321.00,,266.10,0,Vostok,LGGE Grenoble,328086.81,grl52461-sup-0003-supplementary.csv
3093.51,326972.00,,270.10,0,Vostok,LGGE Grenoble,328770.75,grl52461-sup-0003-supplementary.csv
3096.46,327590.00,,271.90,0,Vostok,LGGE Grenoble,329414.29,grl52461-sup-0003-supplementary.csv
3099.51,328221.00,,275.10,0,Vostok,LGGE Grenoble,330053.33,grl52461-sup-0003-supplementary.csv
3105.51,329475.00,,265.00,0,Vostok,LGGE Grenoble,331293.55,grl52461-sup-0003-supplementary.csv
3109.01,330208.00,,271.70,0,Vostok,LGGE Grenoble,332144.12,grl52461-sup-0003-supplementary.csv
3111.51,330740.00,,272.60,0,Vostok,LGGE Grenoble,332798.62,grl52461-sup-0003-supplementary.csv
3114.81,331438.00,,273.10,0,Vostok,LGGE Grenoble,333500.09,grl52461-sup-0003-supplementary.csv
3117.51,331944.00,,282.40,0,Vostok,LGGE Grenoble,333997.56,grl52461-sup-0003-supplementary.csv
3119.51,332285.00,,289.10,0,Vostok,LGGE Grenoble,334349.50,grl52461-sup-0003-supplementary.csv
3120.61,332462.00,,288.40,0,Vostok,LGGE Grenoble,334543.89,grl52461-sup-0003-supplementary.csv
3123.51,332919.00,,298.60,0,Vostok,LGGE Grenoble,335102.31,grl52461-sup-0003-supplementary.csv
3126.51,333380.00,,278.10,0,Vostok,LGGE Grenoble,335707.51,grl52461-sup-0003-supplementary.csv
3129.91,333890.00,,285.80,0,Vostok,LGGE Grenoble,336377.54,grl52461-sup-0003-supplementary.csv
3132.41,334261.00,,278.60,0,Vostok,LGGE Grenoble,336867.82,grl52461-sup-0003-supplementary.csv
3135.51,334748.00,,270.50,0,Vostok,LGGE Grenoble,337516.67,grl52461-sup-0003-supplementary.csv
3138.51,335287.00,,255.70,0,Vostok,LGGE Grenoble,338213.50,grl52461-sup-0003-supplementary.csv
3141.51,335918.00,,241.90,0,Vostok,LGGE Grenoble,338991.44,grl52461-sup-0003-supplementary.csv
3145.01,336725.00,,239.60,0,Vostok,LGGE Grenoble,339983.89,grl52461-sup-0003-supplementary.csv
3147.51,337391.00,,234.20,0,Vostok,LGGE Grenoble,340735.08,grl52461-sup-0003-supplementary.csv
3153.51,339298.00,,250.10,0,Vostok,LGGE Grenoble,342791.56,grl52461-sup-0003-supplementary.csv
3156.51,340456.00,,200.70,0,Vostok,LGGE Grenoble,343923.59,grl52461-sup-0003-supplementary.csv
3159.51,341802.00,,205.20,0,Vostok,LGGE Grenoble,345000.85,grl52461-sup-0003-supplementary.csv
3162.81,343282.00,,204.80,0,Vostok,LGGE Grenoble,346320.91,grl52461-sup-0003-supplementary.csv
3165.51,344446.00,,211.90,0,Vostok,LGGE Grenoble,347544.81,grl52461-sup-0003-supplementary.csv
3169.01,345980.00,,220.30,0,Vostok,LGGE Grenoble,349139.09,grl52461-sup-0003-supplementary.csv
3174.51,348298.00,,221.10,0,Vostok,LGGE Grenoble,351676.35,grl52461-sup-0003-supplementary.csv
3177.81,349688.00,,216.20,0,Vostok,LGGE Grenoble,353174.60,grl52461-sup-0003-supplementary.csv
3180.51,350925.00,,209.40,0,Vostok,LGGE Grenoble,354412.98,grl52461-sup-0003-supplementary.csv
3183.41,352275.00,,209.20,0,Vostok,LGGE Grenoble,355817.77,grl52461-sup-0003-supplementary.csv
3189.51,355302.00,,193.00,0,Vostok,LGGE Grenoble,359010.38,grl52461-sup-0003-supplementary.csv
3192.51,356898.00,,186.10,0,Vostok,LGGE Grenoble,360683.84,grl52461-sup-0003-supplementary.csv
3195.81,358712.00,,185.80,0,Vostok,LGGE Grenoble,362567.60,grl52461-sup-0003-supplementary.csv
3200.01,360957.00,,201.20,0,Vostok,LGGE Grenoble,365190.23,grl52461-sup-0003-supplementary.csv
3204.71,363385.00,,206.30,0,Vostok,LGGE Grenoble,368065.90,grl52461-sup-0003-supplementary.csv
3210.51,366235.00,,201.90,0,Vostok,LGGE Grenoble,371385.87,grl52461-sup-0003-supplementary.csv
3213.71,367856.00,,199.90,0,Vostok,LGGE Grenoble,373457.62,grl52461-sup-0003-supplementary.csv
3216.45,369446.00,,214.70,0,Vostok,LGGE Grenoble,375204.60,grl52461-sup-0003-supplementary.csv
3219.51,371090.00,,224.60,0,Vostok,LGGE Grenoble,377034.88,grl52461-sup-0003-supplementary.csv
3222.51,372646.00,,229.60,0,Vostok,LGGE Grenoble,378760.24,grl52461-sup-0003-supplementary.csv
3228.91,376568.00,,227.00,0,Vostok,LGGE Grenoble,382931.49,grl52461-sup-0003-supplementary.csv
3231.51,378096.00,,240.00,0,Vostok,LGGE Grenoble,384557.45,grl52461-sup-0003-supplementary.csv
3234.51,379696.00,,239.10,0,Vostok,LGGE Grenoble,386283.71,grl52461-sup-0003-supplementary.csv
3237.51,381132.00,,246.80,0,Vostok,LGGE Grenoble,387824.82,grl52461-sup-0003-supplementary.csv
3240.51,382670.00,,245.80,0,Vostok,LGGE Grenoble,389410.21,grl52461-sup-0003-supplementary.csv
3246.41,384534.00,,258.10,0,Vostok,LGGE Grenoble,392287.25,grl52461-sup-0003-supplementary.csv
3249.51,385398.00,,264.60,0,Vostok,LGGE Grenoble,393654.58,grl52461-sup-0003-supplementary.csv
3252.45,386144.00,,259.20,0,Vostok,LGGE Grenoble,395102.00,grl52461-sup-0003-supplementary.csv
3258.51,388062.00,,255.20,0,Vostok,LGGE Grenoble,398119.88,grl52461-sup-0003-supplementary.csv
3261.51,389946.00,,250.10,0,Vostok,LGGE Grenoble,399596.72,grl52461-sup-0003-supplementary.csv
3264.51,391896.00,,266.30,0,Vostok,LGGE Grenoble,401081.84,grl52461-sup-0003-supplementary.csv
3267.51,393591.00,,274.60,0,Vostok,LGGE Grenoble,402474.20,grl52461-sup-0003-supplementary.csv
3270.60,395116.00,,277.10,0,Vostok,LGGE Grenoble,403715.80,grl52461-sup-0003-supplementary.csv
3273.81,396636.00,,278.00,0,Vostok,LGGE Grenoble,,grl52461-sup-0003-supplementary.csv
3276.51,397911.00,,288.90,0,Vostok,LGGE Grenoble,,grl52461-sup-0003-supplementary.csv
3283.51,401109.00,,279.60,0,Vostok,LGGE Grenoble,,grl52461-sup-0003-supplementary.csv
3287.41,402769.00,,281.20,0,Vostok,LGGE Grenoble,,grl52461-sup-0003-supplementary.csv
3289.45,403609.00,,283.60,0,Vostok,LGGE Grenoble,,grl52461-sup-0003-supplementary.csv
3292.91,404968.00,,276.20,0,Vostok,LGGE Grenoble,,grl52461-sup-0003-supplementary.csv
3299.01,407442.00,,285.50,0,Vostok,LGGE Grenoble,,grl52461-sup-0003-supplementary.csv
3301.40,408475.00,,286.90,0,Vostok,LGGE Grenoble,,grl52461-sup-0003-supplementary.csv
3304.41,409750.00,,277.60,0,Vostok,LGGE Grenoble,,grl52461-sup-0003-supplementary.csv
3310.71,412453.00,,274.60,0,Vostok,LGGE Grenoble,,grl52461-sup-0003-supplementary.csv
3316.46,415167.00,,275.70,0,Vostok,LGGE Grenoble,,grl52461-sup-0003-supplementary.csv
3319.44,416545.00,,279.90,0,Vostok,LGGE Grenoble,,grl52461-sup-0003-supplementary.csv
3322.39,417391.00,,278.00,0,Vostok,LGGE Grenoble,,grl52461-sup-0003-supplementary.csv
3325.39,417923.00,,276.30,0,Vostok,LGGE Grenoble,,grl52461-sup-0003-supplementary.csv
3328.19,418544.00,,276.50,0,Vostok,LGGE Grenoble,,grl52461-sup-0003-supplementary.csv
3331.39,419934.00,,266.60,0,Vostok,LGGE Grenoble,,grl52461-sup-0003-supplementary.csv
3334.39,421443.00,,274.00,0,Vostok,LGGE Grenoble,,grl52461-sup-0003-supplementary.csv
3336.99,423207.00,,273.20,0,Vostok,LGGE Grenoble,,grl52461-sup-0003-supplementary.csv
3340.39,428394.00,,229.70,0,Vostok,LGGE Grenoble,,grl52461-sup-0003-supplementary.csv
3343.39,433925.00,,199.00,0,Vostok,LGGE Grenoble,,grl52461-sup-0003-supplementary.csv
3346.51,437580.00,,201.50,0,Vostok,LGGE Grenoble,,grl52461-sup-0003-supplementary.csv
3346.56,437601.00,,207.80,0,Vostok,LGGE Grenoble,,grl52461-sup-0003-supplementary.csv
3349.51,438986.00,,205.90,0,Vostok,LGGE Grenoble,,grl52461-sup-0003-supplementary.csv
